{"model":{"version":2,"nodes":[{"name":"RootNode","position":[0,0,0],"rotation":[0,0,0],"scale":[1,1,1],"scaleCompensation":false},{"name":"Stove hood","position":[-7.64,1.6,11.905],"rotation":[-90,-0,0],"scale":[0.01,0.01,0.01],"scaleCompensation":false}],"parents":[-1,0],"skins":[],"morphs":[],"vertices":[{"position":{"type":"float32","components":3,"data":[-24,-29,3,-24,29,3,24,29,3,24,-29,3,-25,-30,0,25,-30,0,25,-30,3,-25,-30,3,25,-30,0,25,30,0,25,30,3,25,-30,3,25,30,0,-25,30,0,-25,30,3,25,30,3,-25,30,0,-25,-30,0,-25,-30,3,-25,30,3,-25,-30,3,25,-30,3,-5,-10,28,-5,-10,28,-25,-10,28,-25,-30,3,25,-30,3,25,30,3,-5,10,28,-5,-10,28,25,-30,3,25,30,3,-25,30,3,-25,10,28,-5,10,28,25,30,3,-25,30,3,-25,-30,3,-25,-10,28,-25,10,28,-5,-10,28,-5,-10,64.19,-25,-10,64.19,-25,-10,28,-5,10,28,-5,10,64.19,-5,-10,64.19,-5,-10,28,-25,10,28,-25,10,64.19,-5,10,64.19,-5,10,28,-25,-10,28,-25,-10,64.19,-25,10,64.19,-25,10,28,-25,-30,0,-25,30,0,-24,29,0,-24,-29,0,-25,30,0,25,30,0,24,29,0,-24,29,0,25,30,0,25,-30,0,24,-29,0,24,29,0,25,-30,0,-25,-30,0,-24,-29,0,24,-29,0,-24,-29,0,-24,29,0,-24,29,3,-24,-29,3,-24,29,0,24,29,0,24,29,3,24,29,3,-24,29,3,-24,29,0,24,29,0,24,-29,0,24,-29,3,24,29,3,24,-29,0,-24,-29,0,-24,-29,3,-24,-29,3,24,-29,3,24,-29,0,-5,10,64.19,-25,10,64.19,-25,-10,64.19,-5,-10,64.19]},"normal":{"type":"float32","components":3,"data":[0,0,-1,0,0,-1,0,0,-1,0,0,-1,0,-1,0,0,-1,0,0,-1,0,0,-1,0,1,0,0,1,0,0,1,0,0,1,0,0,0,1,0,0,1,0,0,1,0,0,1,0,-1,0,0,-1,0,0,-1,0,0,-1,0,0,0,-0.780869,0.624695,0,-0.780869,0.624695,0,-0.780869,0.624695,0,-0.780869,0.624695,0,-0.780869,0.624695,0,-0.780869,0.624695,0.640184,0,0.768221,0.640184,0,0.768221,0.640184,0,0.768221,0.640184,0,0.768221,0.640184,0,0.768221,0,0.780869,0.624695,0,0.780869,0.624695,0,0.780869,0.624695,0,0.780869,0.624695,0,0.780869,0.624695,-1,0,0,-1,0,0,-1,0,0,-1,0,0,0,-1,0,0,-1,0,0,-1,0,0,-1,0,1,0,0,1,0,0,1,0,0,1,0,0,0,1,0,0,1,0,0,1,0,0,1,0,-1,0,0,-1,0,0,-1,0,0,-1,0,0,0,0,-1,0,0,-1,0,0,-1,0,0,-1,0,0,-1,0,0,-1,0,0,-1,0,0,-1,0,0,-1,0,0,-1,0,0,-1,0,0,-1,0,0,-1,0,0,-1,0,0,-1,0,0,-1,1,0,0,1,0,0,1,0,0,1,0,0,0,-1,0,0,-1,0,0,-1,0,0,-1,0,0,-1,0,0,-1,0,-1,0,0,-1,0,0,-1,0,0,-1,0,0,0,1,0,0,1,0,0,1,0,0,1,0,0,1,0,0,1,0,0,0,1,0,0,1,0,0,1,0,0,1]},"texCoord0":{"type":"float32","components":2,"data":[0.359562,0.598345,0.359562,0.394677,0.528115,0.394677,0.528115,0.598345,0.733011,0.445066,0.908587,0.445066,0.908587,0.4556,0.733011,0.4556,0.627665,0.497125,0.838356,0.497125,0.838356,0.507659,0.627665,0.507659,0.627665,0.547514,0.803241,0.547514,0.803241,0.558048,0.627665,0.558048,0.733011,0.394677,0.943702,0.394677,0.943702,0.405211,0.733011,0.405211,0.542775,0.394677,0.718351,0.394677,0.613005,0.482465,0.613005,0.482465,0.542775,0.482465,0.542775,0.394677,0.464907,0.613005,0.464907,0.823696,0.359562,0.753466,0.359562,0.683235,0.464907,0.613005,0.666958,0.122448,0.842534,0.122448,0.842534,0.210236,0.772303,0.210236,0.666958,0.122448,0.666958,0.02,0.877649,0.02,0.807419,0.107788,0.737188,0.107788,0.344902,0.394677,0.344902,0.521759,0.274671,0.521759,0.274671,0.394677,0.0902305,0.224896,0.0902305,0.351978,0.02,0.351978,0.02,0.224896,0.260011,0.224896,0.260011,0.351978,0.189781,0.351978,0.189781,0.224896,0.175121,0.224896,0.175121,0.351978,0.10489,0.351978,0.10489,0.224896,0.479567,0.823696,0.479567,0.613005,0.483079,0.616516,0.483079,0.820185,0.627665,0.597903,0.803241,0.597903,0.79973,0.601414,0.631176,0.601414,0.546286,0.653428,0.546286,0.86412,0.542775,0.860608,0.542775,0.65694,0.803241,0.619586,0.627665,0.619586,0.631176,0.616074,0.79973,0.616074,0.733011,0.419871,0.936679,0.419871,0.936679,0.430406,0.733011,0.430406,0.733011,0.47026,0.901564,0.47026,0.901564,0.480795,0.901564,0.480795,0.733011,0.480795,0.733011,0.47026,0.627665,0.522319,0.831333,0.522319,0.831333,0.532854,0.627665,0.532854,0.627665,0.572708,0.796218,0.572708,0.796218,0.583243,0.796218,0.583243,0.627665,0.583243,0.627665,0.572708,0.0902305,0.351978,0.260011,0.351978,0.175121,0.351978,0.344902,0.521759]}}],"meshes":[{"aabb":{"min":[-25,-30,0],"max":[25,30,64.19]},"vertices":0,"indices":[4,5,6,6,7,4,8,9,10,10,11,8,12,13,14,14,15,12,16,17,18,18,19,16,20,21,22,23,24,25,26,27,28,28,29,30,31,32,33,33,34,35,36,37,38,38,39,36,40,41,42,42,43,40,44,45,46,46,47,44,48,49,50,50,51,48,52,53,54,54,55,52,56,57,58,58,59,56,60,61,62,62,63,60,64,65,66,66,67,64,68,69,70,70,71,68,72,73,74,74,75,72,76,77,78,79,80,81,82,83,84,84,85,82,86,87,88,89,90,91],"type":"triangles","base":0,"count":120},{"aabb":{"min":[-25,-30,0],"max":[25,30,64.19]},"vertices":0,"indices":[0,1,2,2,3,0,92,93,94,94,95,92],"type":"triangles","base":0,"count":12}],"meshInstances":[{"node":1,"mesh":0},{"node":1,"mesh":1}]}}