{"model":{"version":2,"nodes":[{"name":"RootNode","position":[0,0,0],"rotation":[0,0,0],"scale":[1,1,1],"scaleCompensation":false},{"name":"Luminária Exit - Southwarks QB Studios","position":[0,-0.125,-1.31061e-08],"rotation":[-90,-0,0],"scale":[0.01,0.01,0.01],"scaleCompensation":false},{"name":"Luminária Exit- Southwarks QB Studios","position":[0,-0.0858841,-12.5],"rotation":[0,-0,-180],"scale":[1,1,1],"scaleCompensation":false}],"parents":[-1,0,1],"skins":[],"morphs":[],"vertices":[{"position":{"type":"float32","components":3,"data":[17.4,0.522615,0.5,17.4,-0.522615,0.5,-17.4,-0.522615,0.5,-17.4,0.522615,0.5,21,5,25,-21,5,25,-21,-5,25,21,-5,25,19.9696,-4.42769,19.0396,-19.9696,-4.42769,19.0396,-19.4295,-3.09764,1.03412,19.4295,-3.09764,1.03412,21,5,20,21,-5,20,20.4,-3.52261,0,20.4,3.52261,0,-19.9696,4.42769,19.0396,19.9696,4.42769,19.0396,19.4295,3.09764,1.03412,-19.4295,3.09764,1.03412,-21,-5,20,-21,5,20,-20.4,3.52261,0,-20.4,-3.52261,0,21,-5,25,-21,-5,25,-21,-5,20,21,-5,20,21,5,25,21,-5,25,21,-5,20,21,5,20,-21,5,25,21,5,25,21,5,20,-21,5,20,-21,-5,25,-21,5,25,-21,5,20,-21,-5,20,-20.4,-3.52261,0,-20.4,3.52261,0,-17.4,0.522615,0,-17.4,-0.522615,0,-20.4,3.52261,0,20.4,3.52261,0,17.4,0.522615,0,17.4,0.522615,0,20.4,-3.52261,0,17.4,-0.522615,0,20.4,-3.52261,0,-17.4,-0.522615,0,20.4,3.52261,0,-20.4,3.52261,0,-19.4295,3.59628,0.997283,-19.4295,3.59628,0.997283,19.4295,3.59628,0.997283,-20.4,3.52261,0,-21,5,20,-19.9696,4.92633,19.0027,-19.9696,4.92633,19.0027,-19.4295,3.59628,0.997283,-20.4,3.52261,0,-21,5,20,21,5,20,19.9696,4.92633,19.0027,19.9696,4.92633,19.0027,-19.9696,4.92633,19.0027,-21,5,20,21,5,20,20.4,3.52261,0,19.4295,3.59628,0.997283,19.4295,3.59628,0.997283,19.9696,4.92633,19.0027,21,5,20,-20.4,-3.52261,0,20.4,-3.52261,0,19.4295,-3.59628,0.997283,19.4295,-3.59628,0.997283,-19.4295,-3.59628,0.997283,20.4,-3.52261,0,21,-5,20,19.9696,-4.92633,19.0027,19.9696,-4.92633,19.0027,19.4295,-3.59628,0.997283,20.4,-3.52261,0,21,-5,20,-21,-5,20,-19.9696,-4.92633,19.0027,-19.9696,-4.92633,19.0027,19.9696,-4.92633,19.0027,21,-5,20,-21,-5,20,-20.4,-3.52261,0,-19.4295,-3.59628,0.997283,-19.4295,-3.59628,0.997283,-19.9696,-4.92633,19.0027,-21,-5,20,-19.4295,-3.59628,0.997283,19.4295,-3.59628,0.997283,19.4295,-3.09764,1.03412,19.4295,-3.09764,1.03412,-19.4295,-3.09764,1.03412,-19.4295,-3.59628,0.997283,19.4295,-3.59628,0.997283,19.9696,-4.92633,19.0027,19.9696,-4.42769,19.0396,19.9696,-4.42769,19.0396,19.4295,-3.09764,1.03412,19.4295,-3.59628,0.997283,19.9696,-4.92633,19.0027,-19.9696,-4.92633,19.0027,-19.9696,-4.42769,19.0396,-19.9696,-4.42769,19.0396,19.9696,-4.42769,19.0396,19.9696,-4.92633,19.0027,-19.9696,-4.92633,19.0027,-19.4295,-3.59628,0.997283,-19.4295,-3.09764,1.03412,-19.4295,-3.09764,1.03412,-19.9696,-4.42769,19.0396,-19.9696,-4.92633,19.0027,19.4295,3.59628,0.997283,-19.4295,3.59628,0.997283,-19.4295,3.09764,1.03412,-19.4295,3.09764,1.03412,19.4295,3.09764,1.03412,19.4295,3.59628,0.997283,-19.4295,3.59628,0.997283,-19.9696,4.92633,19.0027,-19.9696,4.42769,19.0396,-19.9696,4.42769,19.0396,-19.4295,3.09764,1.03412,-19.4295,3.59628,0.997283,-19.9696,4.92633,19.0027,19.9696,4.92633,19.0027,19.9696,4.42769,19.0396,19.9696,4.42769,19.0396,-19.9696,4.42769,19.0396,-19.9696,4.92633,19.0027,19.9696,4.92633,19.0027,19.4295,3.59628,0.997283,19.4295,3.09764,1.03412,19.4295,3.09764,1.03412,19.9696,4.42769,19.0396,19.9696,4.92633,19.0027,-17.4,-0.522615,0,-17.4,0.522615,0,-17.4,0.522615,0.5,-17.4,-0.522615,0.5,-17.4,0.522615,0,17.4,0.522615,0,17.4,0.522615,0.5,-17.4,0.522615,0.5,17.4,0.522615,0,17.4,-0.522615,0,17.4,-0.522615,0.5,17.4,0.522615,0.5,17.4,-0.522615,0,-17.4,-0.522615,0,-17.4,-0.522615,0.5,17.4,-0.522615,0.5]},"normal":{"type":"float32","components":3,"data":[0,0,-1,0,0,-1,0,0,-1,0,0,-1,0,0,1,0,0,1,0,0,1,0,0,1,0,-0.997283,-0.0736685,0,-0.997283,-0.0736685,0,-0.997283,-0.0736685,0,-0.997283,-0.0736685,0.99955,0,-0.0299865,0.99955,0,-0.0299865,0.99955,0,-0.0299865,0.99955,0,-0.0299865,0,0.997283,-0.0736685,0,0.997283,-0.0736685,0,0.997283,-0.0736685,0,0.997283,-0.0736685,-0.99955,0,-0.0299865,-0.99955,0,-0.0299865,-0.99955,0,-0.0299865,-0.99955,0,-0.0299865,0,-1,0,0,-1,0,0,-1,0,0,-1,0,1,0,0,1,0,0,1,0,0,1,0,0,0,1,0,0,1,0,0,1,0,0,1,0,-1,0,0,-1,0,0,-1,0,0,-1,0,0,0,0,-1,0,0,-1,0,0,-1,0,0,-1,0,0,-1,0,0,-1,0,0,-1,0,0,-1,0,0,-1,0,0,-1,0,0,-1,0,0,-1,0,0.997283,-0.0736685,0,0.997283,-0.0736685,0,0.997283,-0.0736685,0,0.997283,-0.0736685,0,0.997283,-0.0736685,-1.18832e-08,0.997283,-0.0736685,-1.18832e-08,0.997283,-0.0736685,-1.18832e-08,0.997283,-0.0736685,7.91975e-08,0.997283,-0.0736685,7.91975e-08,0.997283,-0.0736685,7.91975e-08,0.997283,-0.0736685,0,0.997283,-0.0736685,0,0.997283,-0.0736685,0,0.997283,-0.0736685,0,0.997283,-0.0736685,0,0.997283,-0.0736685,0,0.997283,-0.0736685,-7.72409e-08,0.997283,-0.0736685,-7.72409e-08,0.997283,-0.0736686,-7.72409e-08,0.997283,-0.0736686,1.31996e-08,0.997283,-0.0736685,1.31996e-08,0.997283,-0.0736685,1.31996e-08,0.997283,-0.0736685,0,-0.997283,-0.0736685,0,-0.997283,-0.0736685,0,-0.997283,-0.0736685,0,-0.997283,-0.0736685,0,-0.997283,-0.0736685,1.18832e-08,-0.997283,-0.0736685,1.18832e-08,-0.997283,-0.0736685,1.18832e-08,-0.997283,-0.0736685,-7.91975e-08,-0.997283,-0.0736685,-7.91975e-08,-0.997283,-0.0736685,-7.91975e-08,-0.997283,-0.0736685,0,-0.997283,-0.0736685,0,-0.997283,-0.0736685,0,-0.997283,-0.0736685,0,-0.997283,-0.0736685,0,-0.997283,-0.0736685,0,-0.997283,-0.0736685,7.72409e-08,-0.997283,-0.0736685,7.72409e-08,-0.997283,-0.0736686,7.72409e-08,-0.997283,-0.0736686,-1.31996e-08,-0.997283,-0.0736685,-1.31996e-08,-0.997283,-0.0736685,-1.31996e-08,-0.997283,-0.0736685,0,-0.0736686,0.997283,0,-0.0736686,0.997283,0,-0.0736686,0.997283,0,-0.0736686,0.997283,0,-0.0736686,0.997283,0,-0.0736686,0.997283,-0.999553,-0.0022031,0.0298239,-0.999553,-0.0022031,0.0298239,-0.999553,-0.0022031,0.0298239,-0.999553,-0.00220307,0.0298239,-0.999553,-0.00220307,0.0298239,-0.999553,-0.00220307,0.0298239,0,0.0736694,-0.997283,0,0.0736694,-0.997283,0,0.0736694,-0.997283,0,0.0736694,-0.997283,0,0.0736694,-0.997283,0,0.0736694,-0.997283,0.999553,-0.00220307,0.0298239,0.999553,-0.00220307,0.0298239,0.999553,-0.00220307,0.0298239,0.999553,-0.0022031,0.0298239,0.999553,-0.0022031,0.0298239,0.999553,-0.0022031,0.0298239,0,0.0736686,0.997283,0,0.0736686,0.997283,0,0.0736686,0.997283,0,0.0736686,0.997283,0,0.0736686,0.997283,0,0.0736686,0.997283,0.999553,0.0022031,0.0298239,0.999553,0.0022031,0.0298239,0.999553,0.0022031,0.0298239,0.999553,0.00220307,0.0298239,0.999553,0.00220307,0.0298239,0.999553,0.00220307,0.0298239,0,-0.0736694,-0.997283,0,-0.0736694,-0.997283,0,-0.0736694,-0.997283,0,-0.0736694,-0.997283,0,-0.0736694,-0.997283,0,-0.0736694,-0.997283,-0.999553,0.00220307,0.0298239,-0.999553,0.00220307,0.0298239,-0.999553,0.00220307,0.0298239,-0.999553,0.0022031,0.0298239,-0.999553,0.0022031,0.0298239,-0.999553,0.0022031,0.0298239,1,0,0,1,0,0,1,0,0,1,0,0,0,-1,0,0,-1,0,0,-1,0,0,-1,0,-1,0,0,-1,0,0,-1,0,0,-1,0,0,0,1,0,0,1,0,0,1,0,0,1,0]},"texCoord0":{"type":"float32","components":2,"data":[0,1,0,0,1,0,1,1,1,1,0,1,0,0,1,0,1,1,0,1,0,0,1,0,1,1,0,1,0,0,1,0,1,1,0,1,0,0,1,0,1,1,0,1,0,0,1,0,1,0,0,0,0,0,1,0,1,1,1,0,1,0,1,1,0,1,1,1,1,1,0,1,0,0,0,1,0,1,0,0,1,0,1,1,1,1,1,0,1,1,0,1,0,1,0,1,0,0,0,0,0,0,1,0,0,0,1,0,1,0,1,0,0,0,1,0,1,1,1,1,1,1,1,0,1,0,1,1,0,1,0,1,0,1,1,1,1,1,0,1,0,0,0,0,0,0,0,1,0,1,0,0,1,0,1,0,1,0,0,0,1,0,1,1,1,1,1,1,1,0,1,0,1,1,0,1,0,1,0,1,1,1,1,1,0,1,0,0,0,0,0,0,0,1,0,1,0,0,1,0,1,0,1,0,0,0,0,0,1,0,1,1,1,1,1,1,1,0,1,0,1,1,0,1,0,1,0,1,1,1,1,1,0,1,0,0,0,0,0,0,0,1,0,1,0,0,1,0,1,0,1,0,0,0,0,0,1,0,1,1,1,1,1,1,1,0,1,0,1,1,0,1,0,1,0,1,1,1,1,1,0,1,0,0,0,0,0,0,0,1,0,1,1,0,1,1,1,1,1,0,1,1,0,1,0,1,1,1,0,1,0,0,0,0,0,1,0,0,1,0,1,0,0,0]}}],"meshes":[{"aabb":{"min":[-21,-5,0],"max":[21,5,25]},"vertices":0,