{"model":{"version":2,"nodes":[{"name":"RootNode","position":[0,0,0],"rotation":[0,0,0],"scale":[1,1,1],"scaleCompensation":false},{"name":"Cabinet Low Poly","position":[0,-0.00213474,0],"rotation":[-90,-0,0],"scale":[0.01,0.01,0.01],"scaleCompensation":false}],"parents":[-1,0],"skins":[],"morphs":[],"vertices":[{"position":{"type":"float32","components":3,"data":[-37.5,17.5,0,37.5,17.5,0,-37.5,-17.5,0,37.5,-17.5,0,40,20,80,-40,20,80,-40,-20,80,40,-20,80,37.5,-17.5,8,-37.5,-17.5,8,-37.5,-17.5,0,37.5,-17.5,0,37.5,17.5,8,37.5,-17.5,8,37.5,-17.5,0,37.5,17.5,0,-37.5,17.5,8,37.5,17.5,8,37.5,17.5,0,-37.5,17.5,0,-37.5,-17.5,8,-37.5,17.5,8,-37.5,17.5,0,-37.5,-17.5,0,40,-20,8,-40,-20,8,-37.5,-17.5,8,37.5,-17.5,8,40,20,8,37.5,17.5,8,-37.5,17.5,8,-40,20,8,40,-20,80,-40,-20,80,-40,-20,8,40,-20,8,40,-20,80,40,-20,8,40,20,80,40,20,8,-40,20,80,40,20,80,40,20,8,-40,20,8,-40,20,80,-40,20,8,-40,-20,80,-40,-20,8]},"normal":{"type":"float32","components":3,"data":[0,0,-1,0,0,-1,0,0,-1,0,0,-1,0,0,1,0,0,1,0,0,1,0,0,1,0,-1,0,0,-1,0,0,-1,0,0,-1,0,1,0,0,1,0,0,1,0,0,1,0,0,0,1,0,0,1,0,0,1,0,0,1,0,-1,0,0,-1,0,0,-1,0,0,-1,0,0,0,0,-1,0,0,-1,0,0,-1,0,0,-1,0,0,-1,0,0,-1,0,0,-1,0,0,-1,0,-1,0,0,-1,0,0,-1,0,0,-1,0,1,0,0,1,0,0,1,0,0,1,0,0,0,1,0,0,1,0,0,1,0,0,1,0,-1,0,0,-1,0,0,-1,0,0,-1,0,0]},"texCoord0":{"type":"float32","components":2,"data":[0.799733,0.995,0.42132,0.995,0.799733,0.818407,0.42132,0.818407,0.42132,0.005,0.824961,0.005,0.824961,0.206821,0.42132,0.206821,0.42132,0.272542,0.799733,0.272542,0.799733,0.312906,0.42132,0.312906,0.191261,0.897763,0.367854,0.897763,0.367854,0.938127,0.191261,0.938127,0.42132,0.219499,0.799733,0.219499,0.799733,0.259863,0.42132,0.259863,0.191261,0.853173,0.367854,0.853173,0.367854,0.893537,0.191261,0.893537,0.005,0.756912,0.408641,0.756912,0.396027,0.769525,0.0176138,0.769525,0.005,0.958732,0.0176138,0.946118,0.396027,0.946118,0.408641,0.958732,0.005,0.005,0.408641,0.005,0.408641,0.368277,0.005,0.368277,0.784597,0.582776,0.42132,0.582776,0.784597,0.380956,0.42132,0.380956,0.005,0.380956,0.408641,0.380956,0.408641,0.744233,0.005,0.744233,0.784597,0.801502,0.42132,0.801502,0.784597,0.599681,0.42132,0.599681]}}],"meshes":[{"aabb":{"min":[-40,-20,0],"max":[40,20,80]},"vertices":0,"indices":[0,1,2,3,2,1,4,5,6,4,6,7,8,9,10,8,10,11,12,13,14,12,14,15,16,17,18,16,18,19,20,21,22,20,22,23,24,25,26,24,26,27,28,24,27,28,27,29,29,30,31,29,31,28,25,30,26,25,31,30,32,33,34,32,34,35,36,37,38,38,37,39,40,41,42,40,42,43,44,45,46,46,45,47],"type":"triangles","base":0,"count":84}],"meshInstances":[{"node":1,"mesh":0}]}}