{"model":{"version":2,"nodes":[{"name":"RootNode","position":[0,0,0],"rotation":[0,0,0],"scale":[1,1,1],"scaleCompensation":false},{"name":"High Bench 05","position":[0,0,0],"rotation":[90,-5.96505e-05,-180],"scale":[0.01,0.01,0.01],"scaleCompensation":false}],"parents":[-1,0],"skins":[],"morphs":[],"vertices":[{"position":{"type":"float32","components":3,"data":[-12.6749,-18.9226,67.1362,12.6749,-20,67.1362,12.6749,-18.9226,67.1362,-12.6749,-20,67.1362,14.4775,-20,66.7727,14.4775,-18.9226,66.7727,-14.4775,-18.9226,66.7727,-14.4775,-20,66.7727,16.629,-20,63.8472,18.5691,-20,3.57516,19.8727,-20,3.57516,15.5381,-20,63.8472,-16.5641,-20,63.8893,-18.5084,-20,4.8075,-15.4775,-20,63.8893,-19.8078,-20,4.8075,-16.629,20,63.8752,-18.5691,20,3.57516,-19.8727,20,3.57516,-15.5381,20,63.8752,16.5641,20,63.7622,18.5084,20,4.8075,15.4775,20,63.7622,19.8078,20,4.8075,-14.7098,-20,65.9789,14.7098,-20,65.9789,12.6749,-20,67.1362,-12.6749,-20,67.1362,18.688,-20,1.15733,-18.688,-20,1.15733,-18.688,-20,0,18.688,-20,0,14.7098,20,65.9789,-14.7098,20,65.9789,-12.6749,20,67.1362,12.6749,20,67.1362,-18.688,20,1.15733,18.688,20,1.15733,18.688,20,0,-18.688,20,0,14.4775,-20,66.7727,15.7425,-20,65.9789,20,-20,1.15733,20,-20,0,-20,-20,1.15733,-20,-20,0,-14.4775,-20,66.7727,-15.7425,-20,65.9789,-14.4775,20,66.7727,-15.7425,20,65.9789,-20,20,1.15733,-20,20,0,20,20,1.15733,20,20,0,14.4775,20,66.7727,15.7425,20,65.9789,13.552,-19.0142,66.5338,-13.552,-19.0142,66.5338,-13.552,19.0142,66.5338,13.552,19.0142,66.5338,-14.4775,20,66.7727,-15.7425,19,65.9789,-14.4775,18.9748,66.7727,-15.7425,20,65.9789,16.629,-19,63.8472,18.5691,-19,3.57515,15.5381,-19,63.8472,19.8727,-19,3.57516,-16.5641,-19,63.8893,-18.5084,-19,4.8075,-19.8078,-19,4.8075,-15.4775,-19,63.8893,-16.629,19,63.8752,-18.5691,19,3.57515,-15.5381,19,63.8752,-19.8727,19,3.57516,16.5641,19,63.7622,18.5084,19,4.8075,19.8078,19,4.8075,15.4775,19,63.7622,13.552,-19.0142,66.5338,-14.7098,-19,65.9789,-13.552,-19.0142,66.5338,14.7098,-19,65.9789,18.688,-19,0,-18.688,-19,0,18.688,-19,1.15733,-18.688,-19,1.15733,-13.552,19.0142,66.5338,14.7098,19,65.9789,13.552,19.0142,66.5338,-14.7098,19,65.9789,-18.688,19,0,18.688,19,0,-18.688,19,1.15733,18.688,19,1.15733,20,-19,1.15733,20,-19,0,-20,-19,1.15733,-20,-19,0,-20,19,1.15733,-20,19,0,20,19,1.15733,20,19,0,15.7425,-19,65.9789,14.4775,-20,66.7727,15.7425,-20,65.9789,14.4775,-18.9226,66.7727,-15.7425,-19,65.9789,-14.4775,-20,66.7727,-14.4775,-18.9226,66.7727,-15.7425,-20,65.9789,15.5381,-19,63.8472,18.5691,-20,3.57516,15.5381,-20,63.8472,18.5691,-19,3.57515,19.8727,-19,3.57516,16.629,-19,63.8472,16.629,-20,63.8472,19.8727,-20,3.57516,-18.5084,-19,4.8075,-15.4775,-19,63.8893,-15.4775,-20,63.8893,-18.5084,-20,4.8075,-16.5641,-19,63.8893,-19.8078,-20,4.8075,-16.5641,-20,63.8893,-19.8078,-19,4.8075,-15.5381,19,63.8752,-18.5691,20,3.57516,-15.5381,20,63.8752,-18.5691,19,3.57515,-19.8727,19,3.57516,-16.629,19,63.8752,-16.629,20,63.8752,-19.8727,20,3.57516,18.5084,19,4.8075,15.4775,19,63.7622,15.4775,20,63.7622,18.5084,20,4.8075,16.5641,19,63.7622,19.8078,20,4.8075,16.5641,20,63.7622,19.8078,19,4.8075,14.7098,-20,65.9789,-14.7098,-20,65.9789,-14.7098,-19,65.9789,14.7098,-19,65.9789,18.688,-20,0,-18.688,-20,0,-18.688,-19,0,18.688,-19,0,18.688,-19,1.15733,-18.688,-19,1.15733,-18.688,-20,1.15733,18.688,-20,1.15733,14.7098,19,65.9789,-14.7098,19,65.9789,-14.7098,20,65.9789,14.7098,20,65.9789,18.688,19,0,-18.688,19,0,-18.688,20,0,18.688,20,0,18.688,20,1.15733,-18.688,20,1.15733,-18.688,19,1.15733,18.688,19,1.15733,20,-20,0,20,-19,0,20,-19,1.15733,20,-20,1.15733,20,-19,0,20,-20,0,-20,-20,0,-20,-19,0,-20,-19,1.15733,-20,-20,0,-20,-20,1.15733,-20,-19,0,-20,19,0,-20,20,0,-20,19,1.15733,-20,20,1.15733,-20,19,0,-20,20,0,20,19,0,20,20,0,20,19,1.15733,20,20,0,20,20,1.15733,20,19,0,14.7098,-19,65.9789,14.7098,19,65.9789,15.7425,-19,65.9789,15.7425,19,65.9789,-14.7098,19,65.9789,-13.552,-19.0142,66.5338,-14.7098,-19,65.9789,-13.552,19.0142,66.5338,14.7098,-19,65.9789,14.7098,-20,65.9789,18.688,-20,1.15733,18.688,-19,1.15733,15.7425,-20,65.9789,15.7425,-19,65.9789,-18.688,-19,1.15733,-18.688,-20,1.15733,-14.7098,-20,65.9789,-14.7098,-19,65.9789,-15.7425,-19,65.9789,-15.7425,-20,65.9789,-14.7098,19,65.9789,-14.7098,20,65.9789,-18.688,20,1.15733,-18.688,19,1.15733,-15.7425,20,65.9789,-15.7425,19,65.9789,18.688,19,1.15733,18.688,20,1.15733,14.7098,20,65.9789,14.7098,19,65.9789,15.7425,19,65.9789,15.7425,20,65.9789,15.5381,-19,63.8472,16.5641,19,63.7622,16.629,-19,63.8472,15.4775,19,63.7622,14.7098,19,65.9789,15.5381,-19,63.8472,14.7098,-19,65.9789,15.4775,19,63.7622,14.7098,19,65.9789,14.7098,-19,65.9789,15.7425,19,65.9789,15.7425,-19,65.9789,16.629,-19,63.8472,15.7425,19,65.9789,15.7425,-19,65.9789,16.5641,19,63.7622,-16.5641,-19,63.8893,-15.5381,19,63.8752,-15.4775,-19,63.8893,-16.629,19,63.8752,-15.7425,19,65.9789,-16.5641,-19,63.8893,-15.7425,-19,65.9789,-16.629,19,63.8752,-15.4775,-19,63.8893,-14.7098,19,65.9789,-14.7098,-19,65.9789,-15.5381,19,63.8752,14.4775,20,66.7727,15.7425,19,65.9789,15.7425,20,65.9789,14.4775,18.9748,66.7727,12.6749,20,67.1362,14.4775,18.9748,66.7727,14.4775,20,66.7727,12.6749,18.9748,67.1362,-12.6749,20,67.1362,-12.6749,18.9748,67.1362,13.552,-19.0142,66.5338,13.552,19.0142,66.5338,14.7098,-19,65.9789,14.7098,19,65.9789,15.7425,19,65.9789,15.7425,-19,65.9789,-15.7425,19,65.9789,-14.4775,-18.9226,66.7727,-14.4775,18.9748,66.7727,-15.7425,-19,65.9789]},"normal":{"type":"float32","components":3,