{"model":{"version":2,"nodes":[{"name":"RootNode","position":[0,0,0],"rotation":[0,0,0],"scale":[1,1,1],"scaleCompensation":false},{"name":"Table 05","position":[0,0.7,0],"rotation":[-90,90,0],"scale":[0.01,0.01,0.01],"scaleCompensation":false}],"parents":[-1,0],"skins":[],"morphs":[],"vertices":[{"position":{"type":"float32","components":3,"data":[-114.464,-44.9085,0,114.464,44.9085,0,114.464,-44.9085,0,-114.464,44.9085,0,-114.464,44.9085,4,114.464,-44.9085,4,114.464,44.9085,4,-114.464,-44.9085,4,114.464,-52.5,4,-114.464,-52.5,4,-114.464,-52.5,2.35786,114.464,-52.5,2.35786,122.5,44.9085,4,122.5,-44.9085,4,122.5,-44.9085,2.35786,122.5,44.9085,2.35786,-114.464,52.5,4,114.464,52.5,4,114.464,52.5,2.35786,-114.464,52.5,2.35786,-122.5,-44.9085,4,-122.5,44.9085,4,-122.5,44.9085,2.35786,-122.5,-44.9085,2.35786,118.482,-44.9085,-5,122.5,44.9085,-5,122.5,-44.9085,-5,118.482,44.9085,-5,-118.482,44.9085,-5,-118.482,-44.9085,-5,-122.5,-44.9085,-5,-122.5,44.9085,-5,118.482,44.9085,4,122.5,-44.9085,4,122.5,44.9085,4,118.482,-44.9085,4,-118.482,-44.9085,4,-118.482,44.9085,4,-122.5,44.9085,4,-122.5,-44.9085,4,118.482,-52.5,4,118.482,-52.5,2.35786,-118.482,-52.5,4,-118.482,-52.5,2.35786,-118.482,52.5,4,-118.482,52.5,2.35786,118.482,52.5,4,118.482,52.5,2.35786,-114.464,-48.7043,0,114.464,-48.7043,0,-114.464,48.7043,0,114.464,48.7043,0,-114.464,48.7043,4,114.464,48.7043,4,-114.464,-48.7043,4,114.464,-48.7043,4,122.5,48.7043,4,122.5,48.7043,2.35786,122.5,-48.7043,4,122.5,-48.7043,2.35786,-122.5,-48.7043,4,-122.5,-48.7043,2.35786,-122.5,48.7043,4,-122.5,48.7043,2.35786,118.482,-48.7043,-70,122.5,-44.9085,-70,122.5,-48.7043,-70,118.482,-44.9085,-70,118.482,44.9085,-70,114.464,44.9085,-70,118.482,48.7043,-70,114.464,48.7043,-70,-118.482,44.9085,-70,-122.5,44.9085,-70,-118.482,48.7043,-70,-122.5,48.7043,-70,-118.482,-48.7043,-70,-114.464,-44.9085,-70,-114.464,-48.7043,-70,-118.482,-44.9085,-70,118.482,48.7043,4,122.5,48.7043,4,118.482,-48.7043,4,-118.482,-48.7043,4,-122.5,-48.7043,4,-118.482,48.7043,4,-114.464,-52.5,-5,114.464,-48.7043,-5,114.464,-52.5,-5,-114.464,-48.7043,-5,-114.464,52.5,-5,114.464,52.5,-5,-114.464,48.7043,-5,114.464,48.7043,-5,-114.464,52.5,4,114.464,52.5,4,-114.464,-52.5,4,114.464,-52.5,4,122.5,52.5,4,122.5,52.5,2.35786,122.5,-52.5,4,122.5,-52.5,2.35786,-122.5,-52.5,4,-122.5,-52.5,2.35786,-122.5,52.5,4,-122.5,52.5,2.35786,118.482,-52.5,-70,122.5,-52.5,-70,118.482,52.5,-70,114.464,52.5,-70,-118.482,52.5,-70,-122.5,52.5,-70,-118.482,-52.5,-70,-114.464,-52.5,-70,118.482,52.5,4,122.5,52.5,4,118.482,-52.5,4,-118.482,-52.5,4,-122.5,-52.5,4,-118.482,52.5,4,118.482,44.9085,0,118.482,-44.9085,0,-118.482,-44.9085,0,-118.482,44.9085,0,122.5,-52.5,4,122.5,-52.5,2.35786,-122.5,-52.5,2.35786,-122.5,-52.5,4,-122.5,52.5,4,-122.5,52.5,2.35786,122.5,52.5,2.35786,122.5,52.5,4,114.464,-48.7043,-70,114.464,-44.9085,-70,122.5,44.9085,-70,122.5,48.7043,-70,-114.464,44.9085,-70,-114.464,48.7043,-70,-122.5,-44.9085,-70,-122.5,-48.7043,-70,122.5,-48.7043,4,-122.5,48.7043,4,114.464,-52.5,-70,122.5,52.5,-70,-114.464,52.5,-70,-122.5,-52.5,-70,122.5,-52.5,4,-122.5,52.5,4,-122.5,-48.7043,0.357857,-122.5,-48.7043,-5,-122.5,-52.5,0.357857,-122.5,-52.5,-5,-122.5,-44.9085,0.357857,-122.5,-44.9085,-5,-122.5,44.9085,-5,-122.5,44.9085,0.357857,-122.5,48.7043,0.357857,-122.5,48.7043,-5,-122.5,52.5,0.357857,-122.5,52.5,-5,-118.482,52.5,0.357857,-118.482,52.5,-5,-122.5,52.5,0.357857,-122.5,52.5,-5,-114.464,52.5,0.357857,-114.464,52.5,-5,114.464,52.5,0.357857,114.464,52.5,-5,118.482,52.5,0.357857,118.482,52.5,-5,122.5,52.5,0.357857,122.5,52.5,-5,122.5,48.7043,0.357857,122.5,48.7043,-5,122.5,52.5,0.357857,122.5,52.5,-5,122.5,44.9085,0.357857,122.5,44.9085,-5,122.5,-44.9085,-5,122.5,-44.9085,0.357857,122.5,-48.7043,0.357857,122.5,-48.7043,-5,122.5,-52.5,0.357857,122.5,-52.5,-5,118.482,-52.5,0.357857,118.482,-52.5,-5,122.5,-52.5,0.357857,122.5,-52.5,-5,114.464,-52.5,0.357857,114.464,-52.5,-5,-114.464,-52.5,0.357857,-114.464,-52.5,-5,-118.482,-52.5,0.357857,-118.482,-52.5,-5,-122.5,-52.5,0.357857,-122.5,-52.5,-5,114.464,-44.9085,0,114.464,-44.9085,-5,114.464,-48.7043,0,114.464,-48.7043,-5,118.482,-44.9085,0,118.482,-44.9085,-5,114.464,-44.9085,0,114.464,-44.9085,-5,118.482,-44.9085,0,118.482,44.9085,0,118.482,44.9085,-5,118.482,-44.9085,-5,114.464,44.9085,0,114.464,44.9085,-5,118.482,44.9085,0,118.482,44.9085,-5,114.464,48.7043,0,114.464,48.7043,-5,114.464,44.9085,0,114.464,44.9085,-5,114.464,48.7043,0,-114.464,48.7043,0,-114.464,48.7043,-5,114.464,48.7043,-5,-114.464,44.9085,0,-114.464,44.9085,-5,-114.464,48.7043,0,-114.464,48.7043,-5,-118.482,44.9085,0,-118.482,44.9085,-5,-114.464,44.9085,0,-114.464,44.9085,-5,-118.482,44.9085,0,-118.482,-44.9085,0,-118.482,-44.9085,-5,-118.482,44.9085,-5,-114.464,-44.9085,0,-114.464,-44.9085,-5,-118.482,-44.9085,0,-118.482,-44.9085,-5,-114.464,-48.7043,0,-114.464,-48.7043,-5,-114.464,-44.9085,0,-114.464,-44.9085,-5,-114.464,-48.7043,0,114.464,-48.7043,0,114.464,-48.7043,-5,-114.464,-48.7043,-5,122.5,-44.9085,-5,122.5,-44.9085,-70,118.482,-44.9085,-70,122.5,-48.7043,-70,122.5,-44.9085,-70,122.5,-52.5,-70,118.482,-52.5,-70,122.5,-52.5,-70,114.464,-52.5,-70,114.464,-48.7043,-70,114.464,-52.5,-5,114.464,-52.5,-70,114.464,-44.9085,-70,114.464,-44.9085,-70,114.464,52.5,-70,114.464,52.5,-5,114.464,48.7043,-70,118.482,52.5,-70,114.464,52.5,-70,122.5,52.5,-70,122.5,48.7043,-70,122.5,52.5,-70,122.5,44.9085,-70,118.482,44.9085,-70,122.5,44.9085,-5,122.5,44.9085,-70,114.464,44.9085,-70,114.464,44.9085,-70,-122.5,44.9085,-5,-122.5,44.9085,-70,-118.482,44.9085,-70,-122.5,48.7043,-70,-122.5,44.9085,-70,-122.5,52.5,-70,-118.482,52.5,-70,-122.5,52.5,-70,-114.464,52.5,-70,-114.464,48.7043,-70,-114.464,52.5,-5,-114.464,52.5,-70,-114.464,44.9085,-70,-114.464,44.9085,-70,-114.464,-52.5,-70,-114.464,-52.5,-5,-114.464,-48.7043,-70,-118.482,-52.5,-70,-114.464,-52.5,-70,-122.5,-52.5,-70,-122.5,-48.7043,-70,-122.5,-52.5,-70,-122.5,-44.9085,-70,-118.482,-44.9085,-70,-122.5,-44.9085,-5,-122.5,-44.9085,-70,-114.464,-44.9085,-70,-114.464,-44.9085,-70]},"normal":{"type":"float32","components":3,