{"model":{"version":2,"nodes":[{"name":"RootNode","position":[0,0,0],"rotation":[0,0,0],"scale":[1,1,1],"scaleCompensation":false},{"name":"L5-3701","position":[0,-3.10074,0],"rotation":[-90,90,0],"scale":[0.01,0.01,0.01],"scaleCompensation":false}],"parents":[-1,0],"skins":[],"morphs":[],"vertices":[{"position":{"type":"float32","components":3,"data":[-59,4,1,59,4,1,-59,-4,1,59,-4,1,60,5,12,-60,5,12,-60,-5,12,60,-5,12,60,-5,12,-60,-5,12,-60,-5,0,60,-5,0,60,5,12,60,-5,12,60,-5,0,60,5,0,-60,5,12,60,5,12,60,5,0,-60,5,0,-60,-5,12,-60,5,12,-60,5,0,-60,-5,0,-60,-5,0,-60,5,0,-59,4,0,-59,-4,0,60,5,0,59,4,0,60,-5,0,59,-4,0,-59,4,1,-59,-4,1,-59,-4,0,-59,4,0,59,4,1,-59,4,1,-59,4,0,59,4,0,59,-4,1,59,4,1,59,4,0,59,-4,0,-59,-4,1,59,-4,1,59,-4,0,-59,-4,0,-54.4989,-5.87348e-06,310.074,-54.5391,-0.149998,10.4545,-54.4989,2.38444e-06,10.4545,-54.5391,-0.150006,310.074,-54.6489,-0.259805,10.4545,-54.6489,-0.259813,310.074,-54.6489,-0.259813,310.074,-54.7989,-0.299998,10.4545,-54.6489,-0.259805,10.4545,-54.7989,-0.300006,310.074,-54.9489,-0.259805,10.4545,-54.9489,-0.259813,310.074,-55.0587,-0.150006,310.074,-54.9489,-0.259805,10.4545,-54.9489,-0.259813,310.074,-55.0587,-0.149998,10.4545,-55.0989,-5.84725e-06,310.074,-55.0989,2.41067e-06,10.4545,-55.0587,0.149994,310.074,-55.0587,0.150002,10.4545,-54.9489,0.259802,310.074,-54.9489,0.25981,10.4545,-54.7989,0.299994,310.074,-54.9489,0.25981,10.4545,-54.9489,0.259802,310.074,-54.7989,0.300002,10.4545,-54.6489,0.259802,310.074,-54.6489,0.25981,10.4545,-54.6489,0.259802,310.074,-54.5391,0.150002,10.4545,-54.6489,0.25981,10.4545,-54.5391,0.149994,310.074,-54.7989,0.300002,10.4545,-55.0587,0.150002,10.4545,-54.9489,0.25981,10.4545,-55.0989,2.41067e-06,10.4545,-54.4989,2.38444e-06,10.4545,-54.7989,-0.299998,10.4545,-54.5391,-0.149998,10.4545,-54.6489,-0.259805,10.4545,-55.0587,-0.149998,10.4545,-54.9489,-0.259805,10.4545,-54.5391,0.150002,10.4545,-54.6489,0.25981,10.4545,-54.6489,-0.259813,310.074,-54.5391,-0.150006,310.074,-54.4989,-5.87348e-06,310.074,-55.0989,-5.84725e-06,310.074,-54.7989,-0.300006,310.074,-54.7989,0.299994,310.074,-54.6489,0.259802,310.074,-55.0587,0.149994,310.074,-54.9489,0.259802,310.074,-55.0587,-0.150006,310.074,-54.9489,-0.259813,310.074,-54.5391,0.149994,310.074,55.6467,-5.87348e-06,310.074,55.6066,-0.149998,10.4545,55.6468,2.38444e-06,10.4545,55.6066,-0.150006,310.074,55.4968,-0.259805,10.4545,55.4967,-0.259814,310.074,55.4967,-0.259814,310.074,55.3468,-0.299998,10.4545,55.4968,-0.259805,10.4545,55.3467,-0.300006,310.074,55.1968,-0.259805,10.4545,55.1967,-0.259813,310.074,55.0869,-0.150006,310.074,55.1968,-0.259805,10.4545,55.1967,-0.259813,310.074,55.0869,-0.149998,10.4545,55.0467,-5.84725e-06,310.074,55.0468,2.41067e-06,10.4545,55.0869,0.149994,310.074,55.0869,0.150002,10.4545,55.1967,0.259802,310.074,55.1968,0.25981,10.4545,55.3467,0.299994,310.074,55.1968,0.25981,10.4545,55.1967,0.259802,310.074,55.3468,0.300002,10.4545,55.4967,0.259802,310.074,55.4968,0.25981,10.4545,55.4967,0.259802,310.074,55.6066,0.150002,10.4545,55.4968,0.25981,10.4545,55.6066,0.149994,310.074,55.3468,0.300002,10.4545,55.0869,0.150002,10.4545,55.1968,0.25981,10.4545,55.0468,2.41067e-06,10.4545,55.6468,2.38444e-06,10.4545,55.3468,-0.299998,10.4545,55.6066,-0.149998,10.4545,55.4968,-0.259805,10.4545,55.0869,-0.149998,10.4545,55.1968,-0.259805,10.4545,55.6066,0.150002,10.4545,55.4968,0.25981,10.4545,55.4967,-0.259814,310.074,55.6066,-0.150006,310.074,55.6467,-5.87348e-06,310.074,55.0467,-5.84725e-06,310.074,55.3467,-0.300006,310.074,55.3467,0.299994,310.074,55.4967,0.259802,310.074,55.0869,0.149994,310.074,55.1967,0.259802,310.074,55.0869,-0.150006,310.074,55.1967,-0.259813,310.074,55.6066,0.149994,310.074]},"normal":{"type":"float32","components":3,"data":[0,0,-1,0,0,-1,0,0,-1,0,0,-1,0,0,1,0,0,1,0,0,1,0,0,1,0,-1,0,0,-1,0,0,-1,0,0,-1,0,1,0,0,1,0,0,1,0,0,1,0,0,0,1,0,0,1,0,0,1,0,0,1,0,-1,0,0,-1,0,0,-1,0,0,-1,0,0,0,0,-1,0,0,-1,0,0,-1,0,0,-1,0,0,-1,0,0,-1,0,0,-1,0,0,-1,1,0,0,1,0,0,1,0,0,1,0,0,0,-1,0,0,-1,0,0,-1,0,0,-1,0,-1,0,0,-1,0,0,-1,0,0,-1,0,0,0,1,0,0,1,0,0,1,0,0,1,0,1,4.9105e-08,2.54626e-08,0.866028,-0.499995,8.33039e-09,1,6.8747e-08,2.54626e-08,0.866028,-0.499995,8.33039e-09,0.500002,-0.866024,-1.09258e-08,0.500002,-0.866024,-1.09258e-08,0.500002,-0.866024,-1.09258e-08,4.91051e-08,-1,-2.73286e-08,0.500002,-0.866024,-1.09258e-08,2.9463e-08,-1,-2.73286e-08,-0.500002,-0.866024,-3.65439e-08,-0.500002,-0.866024,-3.65439e-08,-0.866028,-0.499995,-3.58667e-08,-0.500002,-0.866024,-3.65439e-08,-0.500002,-0.866024,-3.65439e-08,-0.866028,-0.499995,-3.58667e-08,-1,3.9284e-08,-2.54652e-08,-1,5.8926e-08,-2.54652e-08,-0.866028,0.499995,-8.23844e-09,-0.866028,0.499995,-8.23844e-09,-0.500002,0.866024,1.10812e-08,-0.500002,0.866024,1.10812e-08,-1.57136e-07,1,2.73286e-08,-0.500002,0.866024,1.10812e-08,-0.500002,0.866024,1.10812e-08,-1.37494e-07,1,2.73286e-08,0.500002,0.866024,3.63898e-08,0.500002,0.866024,3.63898e-08,0.500002,0.866024,3.63898e-08,0.866028,0.499995,3.57734e-08,0.500002,0.866024,3.63898e-08,0.866028,0.499995,3.57734e-08,0,0,-1,0,0,-1,0,0,-1,0,0,-1,0,0,-1,0,0,-1,0,0,-1,0,0,-1,0,0,-1,0,0,-1,0,0,-1,0,0,-1,0,0,1,0,0,1,0,0,1,0,0,1,0,0,1,0,0,1,0,0,1,0,0,1,0,0,1,0,0,1,0,0,1,0,0,1,1,4.9105e-08,2.54626e-08,0.866028,-0.499995,8.276e-09,1,6.8747e-08,2.54626e-08,0.866028,-0.499995,8.276e-09,0.500002,-0.866024,-1.11291e-08,0.500002,-0.866024,-1.11291e-08,0.500002,-0.866024,-1.11291e-08,-9.82101e-08,-1,-2.75514e-08,0.500002,-0.866024,-1.11291e-08,-1.17852e-07,-1,-2.75514e-08,-0.500002,-0.866024,-3.65905e-08,-0.500002,-0.866024,-3.65905e-08,-0.866028,-0.499995,-3.58278e-08,-0.500002,-0.866024,-3.65905e-08,-0.500002,-0.866024,-3.65905e-08,-0.866028,-0.499995,-3.58278e-08,-1,-9.821e-09,-2.54626e-08,-1,9.821e-09,-2.54626e-08,-0.866028,0.499995,-8.2747e-09,-0.866028,0.499995,-8.2747e-09,-0.500002,0.866024,1.11291e-08,-0.500002,0.866024,1.11291e-08,-9.82101e-09,1,2.75514e-08,-0.500002,0.866024,1.11291e-08,-0.500002,0.866024,1.11291e-08,9.82101e-09,1,2.75514e-08,0.500002,0.866024,3.65918e-08,0.500002,0.866024,3.65918e-08,0.500002,0.866024,3.65918e-08,0.866028,0.499995,3.58278e-08,0.500002,0.866024,3.65918e-08,0.866028,0.499995,3.58278e-08,0,0,-1,0,0,-1,0,0,-1,0,0,-1,0,0,-1,0,0,-1,0,0,-1,0,0,-1,0,0,-1,0,0,-1,0,0,-1,0,0,-1,0,0,1,0,0,1,0,0,1,0,0,1,0,0,1,0,0,1,0,0,1,0,0,1,0,0,1,0,0,1,0,0,1,0,0,1]},"texCoord0":{"type":"float32","components":2,