{"model":{"version":2,"nodes":[{"name":"RootNode","position":[0,0,0],"rotation":[0,0,0],"scale":[1,1,1],"scaleCompensation":false},{"name":"L5 - 01","position":[0,-0.12,0],"rotation":[-90,90,0],"scale":[0.01,0.01,0.01],"scaleCompensation":false}],"parents":[-1,0],"skins":[],"morphs":[],"vertices":[{"position":{"type":"float32","components":3,"data":[-59,4,1,59,4,1,-59,-4,1,59,-4,1,60,5,12,-60,5,12,-60,-5,12,60,-5,12,60,-5,12,-60,-5,12,-60,-5,0,60,-5,0,60,5,12,60,-5,12,60,-5,0,60,5,0,-60,5,12,60,5,12,60,5,0,-60,5,0,-60,-5,12,-60,5,12,-60,5,0,-60,-5,0,-60,-5,0,-60,5,0,-59,4,0,-59,-4,0,60,5,0,59,4,0,60,-5,0,59,-4,0,-59,4,1,-59,-4,1,-59,-4,0,-59,4,0,59,4,1,-59,4,1,-59,4,0,59,4,0,59,-4,1,59,4,1,59,4,0,59,-4,0,-59,-4,1,59,-4,1,59,-4,0,-59,-4,0,-54.7989,0.300002,10.4545,-55.0587,0.150002,10.4545,-54.9489,0.25981,10.4545,-55.0989,2.41067e-06,10.4545,-54.4989,2.38444e-06,10.4545,-54.7989,-0.299998,10.4545,-54.5391,-0.149998,10.4545,-54.6489,-0.259805,10.4545,-55.0587,-0.149998,10.4545,-54.9489,-0.259805,10.4545,-54.5391,0.150002,10.4545,-54.6489,0.25981,10.4545,55.3468,0.300002,10.4545,55.0869,0.150002,10.4545,55.1968,0.25981,10.4545,55.0468,2.41067e-06,10.4545,55.6468,2.38444e-06,10.4545,55.3468,-0.299998,10.4545,55.6066,-0.149998,10.4545,55.4968,-0.259805,10.4545,55.0869,-0.149998,10.4545,55.1968,-0.259805,10.4545,55.6066,0.150002,10.4545,55.4968,0.25981,10.4545]},"normal":{"type":"float32","components":3,"data":[0,0,-1,0,0,-1,0,0,-1,0,0,-1,0,0,1,0,0,1,0,0,1,0,0,1,0,-1,0,0,-1,0,0,-1,0,0,-1,0,1,0,0,1,0,0,1,0,0,1,0,0,0,1,0,0,1,0,0,1,0,0,1,0,-1,0,0,-1,0,0,-1,0,0,-1,0,0,0,0,-1,0,0,-1,0,0,-1,0,0,-1,0,0,-1,0,0,-1,0,0,-1,0,0,-1,1,0,0,1,0,0,1,0,0,1,0,0,0,-1,0,0,-1,0,0,-1,0,0,-1,0,-1,0,0,-1,0,0,-1,0,0,-1,0,0,0,1,0,0,1,0,0,1,0,0,1,0,0,0,-1,0,0,-1,0,0,-1,0,0,-1,0,0,-1,0,0,-1,0,0,-1,0,0,-1,0,0,-1,0,0,-1,0,0,-1,0,0,-1,0,0,-1,0,0,-1,0,0,-1,0,0,-1,0,0,-1,0,0,-1,0,0,-1,0,0,-1,0,0,-1,0,0,-1,0,0,-1,0,0,-1]},"texCoord0":{"type":"float32","components":2,"data":[0.973667,0.514983,0.01,0.514983,0.973667,0.44965,0.01,0.44965,0.01,0.246158,0.99,0.246158,0.99,0.327825,0.01,0.327825,0.01,0.128079,0.99,0.128079,0.99,0.226079,0.01,0.226079,0.108,0.591553,0.108,0.67322,0.01,0.67322,0.01,0.591553,0.01,0.01,0.99,0.01,0.99,0.108,0.01,0.108,0.108,0.699992,0.108,0.781659,0.01,0.781659,0.01,0.699992,0.99,0.347904,0.99,0.429571,0.981833,0.421404,0.981833,0.356071,0.01,0.429571,0.0181667,0.421404,0.01,0.347904,0.0181667,0.356071,0.904933,0.406383,0.970266,0.406383,0.970266,0.414549,0.904933,0.414549,0.01,0.535062,0.973667,0.535062,0.973667,0.543229,0.01,0.543229,0.747062,0.405499,0.812395,0.405499,0.812395,0.413666,0.747062,0.413666,0.01,0.563308,0.973667,0.563308,0.973667,0.571474,0.01,0.571474,0.735636,0.410644,0.736253,0.413015,0.735627,0.411912,0.737347,0.413657,0.738649,0.408933,0.74036,0.411946,0.739743,0.409575,0.740369,0.410678,0.738615,0.413666,0.739718,0.41304,0.737381,0.408924,0.736278,0.40955,0.166312,0.411527,0.166929,0.413898,0.166303,0.412796,0.168023,0.41454,0.169325,0.409816,0.171036,0.412829,0.170419,0.410458,0.171045,0.411561,0.169291,0.414549,0.170394,0.413923,0.168057,0.409807,0.166954,0.410434]}}],"meshes":[{"aabb":{"min":[-60,-5,0],"max":[60,5,12]},"vertices":0,"indices":[0,1,2,3,2,1,4,5,6,4,6,7,8,9,10,8,10,11,12,13,14,12,14,15,16,17,18,16,18,19,20,21,22,20,22,23,24,25,26,24,26,27,25,28,29,25,29,26,28,30,31,28,31,29,30,24,27,30,27,31,32,33,34,32,34,35,36,37,38,36,38,39,40,41,42,40,42,43,44,45,46,44,46,47,48,49,50,48,51,49,52,53,51,53,52,54,53,54,55,53,56,51,56,53,57,48,52,51,58,48,59,52,48,58,60,61,62,60,63,61,64,65,63,65,64,66,65,66,67,65,68,63,68,65,69,60,64,63,70,60,71,64,60,70],"type":"triangles","base":0,"count":144}],"meshInstances":[{"node":1,"mesh":0}]}}