{"model":{"version":2,"nodes":[{"name":"RootNode","position":[0,0,0],"rotation":[0,0,0],"scale":[1,1,1],"scaleCompensation":false},{"name":"Stove hood","position":[-7.64,1.6,11.905],"rotation":[-90,-0,0],"scale":[0.01,0.01,0.01],"scaleCompensation":false}],"parents":[-1,0],"skins":[],"morphs":[],"vertices":[{"position":{"type":"float32","components":3,"data":[-25,-10,219.663,-5,-10,219.663,-5,10,235,-25,10,235,-25,-10,194.663,-5,-10,194.663,-5,-10,219.663,-25,-10,219.663,-5,-10,194.663,-5,10,210,-5,10,235,-5,-10,219.663,-5,10,210,-25,10,210,-25,10,235,-5,10,235,-205.064,10,210,-205.064,-10,194.663,-205.064,-10,219.663,-205.064,10,235,-25,10,210,-25,-10,194.663,-205.064,-10,194.663,-205.064,10,210,-25,-10,194.663,-25,-10,219.663,-205.064,-10,219.663,-205.064,-10,194.663,-25,-10,219.663,-25,10,235,-205.064,10,235,-205.064,-10,219.663,-25,10,235,-25,10,210,-205.064,10,210,-205.064,10,235,-5,-10,194.663,-25,-10,194.663,-25,-10,64.19,-5,-10,64.19,-5,10,64.19,-5,10,210,-5,-10,194.663,-5,-10,64.19,-25,10,210,-5,10,210,-5,10,64.19,-25,10,64.19,-25,-10,194.663,-25,10,210,-25,10,64.19,-25,-10,64.19]},"normal":{"type":"float32","components":3,"data":[0,-0.608519,0.793539,0,-0.608519,0.793539,0,-0.608519,0.793539,0,-0.608519,0.793539,0,-1,0,0,-1,0,0,-1,0,0,-1,0,1,0,0,1,0,0,1,0,0,1,0,0,0,1,0,0,1,0,0,1,0,0,1,0,-1,0,0,-1,0,0,-1,0,0,-1,0,0,0,0.608519,-0.793539,0,0.608519,-0.793539,0,0.608519,-0.793539,0,0.608519,-0.793539,0,-1,0,0,-1,0,0,-1,0,0,-1,0,0,-0.608519,0.793539,0,-0.608519,0.793539,0,-0.608519,0.793539,0,-0.608519,0.793539,0,1,0,0,1,0,0,1,0,0,1,0,0,-1,1.46187e-08,0,-1,1.46187e-08,0,-1,1.46187e-08,0,-1,1.46187e-08,1,0,0,1,0,0,1,0,0,1,0,0,0,1,0,0,1,0,0,1,0,0,1,0,-1,0,0,-1,0,0,-1,0,0,-1,0,0]},"texCoord0":{"type":"float32","components":2,"data":[0.189781,0.878653,0.260011,0.878653,0.260011,0.948884,0.189781,0.948884,0.02,0.878653,0.0902305,0.878653,0.0902305,0.966441,0.02,0.966441,0.359562,0.838356,0.429792,0.892212,0.429792,0.98,0.359562,0.926144,0.10489,0.878653,0.175121,0.878653,0.175121,0.966441,0.10489,0.966441,0.542775,0.55098,0.613005,0.497125,0.613005,0.584913,0.542775,0.638768,0.906969,0.224896,0.906969,0.295126,0.274671,0.295126,0.274671,0.224896,0.652298,0.02,0.652298,0.107788,0.02,0.107788,0.02,0.02,0.906969,0.309786,0.906969,0.380017,0.274671,0.380017,0.274671,0.309786,0.02,0.210236,0.02,0.122448,0.652298,0.122448,0.652298,0.210236,0.344902,0.979918,0.274671,0.979918,0.274671,0.521759,0.344902,0.521759,0.0902305,0.351978,0.0902305,0.863993,0.02,0.810138,0.02,0.351978,0.260011,0.863993,0.189781,0.863993,0.189781,0.351978,0.260011,0.351978,0.175121,0.810138,0.10489,0.863993,0.10489,0.351978,0.175121,0.351978]}}],"meshes":[{"aabb":{"min":[-205.064,-10,64.19],"max":[-5,10,235]},"vertices":0,"indices":[0,1,2,2,3,0,4,5,6,6,7,4,8,9,10,10,11,8,12,13,14,14,15,12,16,17,18,18,19,16,20,21,22,22,23,20,24,25,26,26,27,24,28,29,30,30,31,28,32,33,34,34,35,32,36,37,38,38,39,36,40,41,42,42,43,40,44,45,46,46,47,44,48,49,50,50,51,48],"type":"triangles","base":0,"count":78}],"meshInstances":[{"node":1,"mesh":0}]}}