{"model":{"version":2,"nodes":[{"name":"RootNode","position":[0,0,0],"rotation":[0,0,0],"scale":[1,1,1]},{"name":"Plane","position":[0,0,0],"rotation":[-90,0,0],"scale":[0.1,0.1,0.1]}],"parents":[-1,0],"skins":[],"vertices":[{"position":{"type":"float32","components":3,"data":[1.8085,0.811156,0,0.383143,3.09334,0,0.742839,1.30369,0,0.284663,3.1107,0,-0.383143,3.09334,0,-0.742839,1.30369,0,-0.284663,3.1107,0,-1.8085,0.811156,0,-0.24877,3.27588,0,-4.16865e-09,3.47588,0,-1.04308e-08,4.02354,0,0.24877,3.27588,0,0.335284,3.27588,0,-0.335284,3.27588,0,-0.337454,-2.73648,0,-0.976214,-5.54555,0,-0.2,-4.18935,0,0.337718,-2.73648,0,0.200264,-4.18935,0,0.976478,-5.54555,0,-0.000193105,-3.82612,0,-0.000179488,0.538182,0,-0.230161,0.538182,0,0.229495,0.538182,0]},"normal":{"type":"float32","components":3,"data":[0,0,1,0,0,1,0,0,1,0,0,1,0,0,1,0,0,1,0,0,1,0,0,1,0,0,1,0,0,1,0,0,1,0,0,1,0,0,1,0,0,1,0,0,1,0,0,1,0,0,1,0,0,1,0,0,1,0,0,1,0,0,1,0,0,1,0,0,1,0,0,1]}}],"meshes":[{"aabb":{"min":[-1.8085,-5.54555,0],"max":[1.8085,4.02354,0]},"vertices":0,"indices":[0,1,2,3,2,1,4,5,6,5,4,7,8,9,10,11,12,10,13,8,10,9,11,10,14,15,16,17,18,19,20,21,22,20,23,21,22,21,10,21,23,10],"type":"triangles","base":0,"count":42}],"meshInstances":[{"node":1,"mesh":0}]}}