{"model":{"version":2,"nodes":[{"name":"RootNode","position":[0,0,0],"rotation":[0,0,0],"scale":[1,1,1],"scaleCompensation":false},{"name":"Coffee Stand 0201","position":[0,0,0],"rotation":[-90,90,0],"scale":[0.01,0.01,0.01],"scaleCompensation":false}],"parents":[-1,0],"skins":[],"morphs":[],"vertices":[{"position":{"type":"float32","components":3,"data":[-102.555,36.3433,0.153433,102.555,36.3433,0.153433,-102.555,-36.3433,0.153433,102.555,-36.3433,0.153433,120.737,50,100,-120.737,50,100,-120.737,-50,100,120.737,-50,100,95.7353,-34.2442,95.12,-95.7353,-34.2442,95.12,-105.928,-39.0716,8.51464,105.928,-39.0716,8.51464,95.7353,-34.2442,95.12,105.928,-39.0716,8.51464,95.7353,34.2442,95.12,105.928,39.0716,8.51464,-95.7353,34.2442,95.12,95.7353,34.2442,95.12,105.928,39.0716,8.51464,-105.928,39.0716,8.51464,-95.7353,34.2442,95.12,-105.928,39.0716,8.51464,-95.7353,-34.2442,95.12,-105.928,-39.0716,8.51464,-120.737,-50,100,120.737,-50,95.12,120.737,-50,100,-120.737,-50,95.12,120.737,-50,100,120.737,50,95.12,120.737,50,100,120.737,-50,95.12,120.737,50,100,-120.737,50,95.12,-120.737,50,100,120.737,50,95.12,-120.737,50,100,-120.737,-50,95.12,-120.737,-50,100,-120.737,50,95.12,120.737,-50,95.12,-120.737,-50,95.12,-95.7353,-34.2442,95.12,95.7353,-34.2442,95.12,-95.7353,34.2442,95.12,-95.7353,-34.2442,95.12,-120.737,-50,95.12,-120.737,50,95.12,-120.737,50,95.12,120.737,50,95.12,95.7353,34.2442,95.12,-95.7353,34.2442,95.12,95.7353,-34.2442,95.12,120.737,50,95.12,120.737,-50,95.12,95.7353,34.2442,95.12,-102.577,-35.7268,8.51464,-102.577,35.7268,8.51464,-102.555,36.3433,0.153433,-102.555,-36.3433,0.153433,-102.577,35.7268,8.51464,102.577,35.7268,8.51464,102.555,36.3433,0.153433,-102.555,36.3433,0.153433,102.577,-35.7268,8.51464,102.555,36.3433,0.153433,102.577,35.7268,8.51464,102.555,-36.3433,0.153433,102.577,-35.7268,8.51464,-102.577,-35.7268,8.51464,-102.555,-36.3433,0.153433,102.555,-36.3433,0.153433,-105.928,-39.0716,8.51464,-105.928,39.0716,8.51464,-102.577,35.7268,8.51464,-102.577,-35.7268,8.51464,-105.928,39.0716,8.51464,105.928,39.0716,8.51464,102.577,35.7268,8.51464,-102.577,35.7268,8.51464,105.928,39.0716,8.51464,105.928,-39.0716,8.51464,102.577,-35.7268,8.51464,102.577,35.7268,8.51464,-102.577,-35.7268,8.51464,105.928,-39.0716,8.51464,-105.928,-39.0716,8.51464,102.577,-35.7268,8.51464]},"normal":{"type":"float32","components":3,"data":[0,4.10012e-10,-1,0,4.10012e-10,-1,0,4.10012e-10,-1,0,4.10012e-10,-1,0,0,1,0,0,1,0,0,1,0,0,1,0,-0.99845,0.0556542,0,-0.99845,0.0556542,0,-0.99845,0.0556542,0,-0.99845,0.0556542,0.993146,0,0.116884,0.993146,0,0.116884,0.993146,0,0.116884,0.993146,0,0.116884,0,0.99845,0.0556542,0,0.99845,0.0556542,0,0.99845,0.0556542,0,0.99845,0.0556542,-0.993146,0,0.116884,-0.993146,0,0.116884,-0.993146,0,0.116884,-0.993146,0,0.116884,0,-1,0,0,-1,0,0,-1,0,0,-1,0,1,0,0,1,0,0,1,0,0,1,0,0,0,1,0,0,1,0,0,1,0,0,1,0,-1,0,0,-1,0,0,-1,0,0,-1,0,0,0,0,-1,0,0,-1,0,0,-1,0,0,-1,0,0,-1,0,0,-1,0,0,-1,0,0,-1,0,0,-1,0,0,-1,0,0,-1,0,0,-1,0,0,-1,0,0,-1,0,0,-1,0,0,-1,-0.999996,0,-0.00264982,-0.999996,0,-0.00264982,-0.999996,0,-0.00264982,-0.999996,0,-0.00264982,0,0.997293,0.0735298,0,0.997293,0.0735298,0,0.997293,0.0735298,0,0.997293,0.0735298,0.999996,0,-0.00264982,0.999996,0,-0.00264982,0.999996,0,-0.00264982,0.999996,0,-0.00264982,0,-0.997293,0.0735298,0,-0.997293,0.0735298,0,-0.997293,0.0735298,0,-0.997293,0.0735298,0,0,-1,0,0,-1,0,0,-1,0,0,-1,0,0,-1,0,0,-1,0,0,-1,0,0,-1,0,0,-1,0,0,-1,0,0,-1,0,0,-1,0,0,-1,0,0,-1,0,0,-1,0,0,-1]},"texCoord0":{"type":"float32","components":2,"data":[0.515169,0.26173,0.9799,0.26173,0.515169,0.42642,0.9799,0.42642,0.567125,0.246577,0.02,0.246577,0.02,0.02,0.567125,0.02,0.476922,0.457957,0.0430941,0.457957,0.02,0.26173,0.500016,0.26173,0.593216,0.216228,0.582278,0.02,0.748395,0.216228,0.759333,0.02,0.476922,0.669338,0.0430941,0.669338,0.02,0.47311,0.500016,0.47311,0.0309378,0.880718,0.02,0.684491,0.186117,0.880718,0.197054,0.684491,0.212207,0.831349,0.759333,0.820292,0.759333,0.831349,0.212207,0.820292,0.515169,0.45263,0.741746,0.441573,0.741746,0.45263,0.515169,0.441573,0.212207,0.857559,0.759333,0.846502,0.759333,0.857559,0.212207,0.846502,0.515169,0.518265,0.741746,0.507208,0.741746,0.518265,0.515169,0.507208,0.759333,0.771042,0.212207,0.771042,0.268856,0.735343,0.702684,0.735343,0.831134,0.055699,0.831134,0.210878,0.774486,0.246577,0.774486,0.02,0.212207,0.684491,0.759333,0.684491,0.702684,0.72019,0.268856,0.72019,0.846287,0.210878,0.902936,0.02,0.902936,0.246577,0.846287,0.055699,0.93778,0.703435,0.775882,0.703435,0.774486,0.684491,0.939176,0.684491,0.677038,0.805139,0.212207,0.805139,0.212258,0.786195,0.676988,0.786195,0.0213968,0.914816,0.184691,0.895871,0.183294,0.914816,0.02,0.895871,0.98,0.492055,0.515169,0.492055,0.515219,0.47311,0.97995,0.47311,0.940835,0.197054,0.940835,0.02,0.948427,0.0275786,0.948427,0.189476,0.212207,0.895444,0.692223,0.895444,0.684631,0.903022,0.2198,0.903022,0.925682,0.02,0.925682,0.197054,0.918089,0.189476,0.918089,0.0275786,0.2198,0.872712,0.692223,0.880291,0.212207,0.880291,0.684631,0.872712]}}],"meshes":[{"aabb":{"min":[-120.737,-50,0.153433],"max":[120.737,50,100]},"vertices":0,"indices":[0,1,2,3,2,1,4,5,6,4,6,7,8,9,10,8,10,11,12,13,14,14,13,15,16,17,18,16,18,19,20,21,22,22,21,23,24,25,26,25,24,27,28,29,30,29,28,31,32,33,34,33,32,35,36,37,38,37,36,39,40,41,42,40,42,43,44,45,46,46,47,44,48,49,50,48,50,51,52,53,54,53,52,55,56,57,58,56,58,59,60,61,62,60,62,63,64,65,66,65,64,67,68,69,70,68,70,71,72,73,74,72,74,75,76,77,78,76,78,79,80,81,82,80,82,83,84,85,86,85,84,87],"type":"triangles","base":0,"count":132}],"meshInstances":[{"node":1,"mesh":0}]}}