{"model":{"version":2,"nodes":[{"name":"RootNode","position":[0,0,0],"rotation":[0,0,0],"scale":[1,1,1],"scaleCompensation":false},{"name":"Notebook","position":[-0.01,0,0.01],"rotation":[-90,-0,0],"scale":[0.01,0.01,0.01],"scaleCompensation":false}],"parents":[-1,0],"skins":[],"morphs":[],"vertices":[{"position":{"type":"float32","components":3,"data":[-18,-15,0,-18,15,0,18,15,0,18,-15,0,-18,-15,3,18,-15,3,18,15,3,-18,15,3,-18,-15,0,18,-15,0,18,-15,3,-18,-15,3,18,-15,0,18,15,0,18,15,3,18,-15,3,18,15,0,-18,15,0,-18,15,3,18,15,3,-18,15,0,-18,-15,0,-18,-15,3,-18,15,3,-18,13.6631,3.01347,-18,14.8212,2.69925,18,14.8212,2.69925,18,13.6631,3.01347,-18,21.5186,31.9667,18,21.5186,31.9667,18,22.6768,31.6525,-18,22.6768,31.6525,-18,13.6631,3.01347,18,13.6631,3.01347,18,21.5186,31.9667,-18,21.5186,31.9667,18,13.6631,3.01347,18,14.8212,2.69925,18,22.6768,31.6525,18,21.5186,31.9667,18,14.8212,2.69925,-18,14.8212,2.69925,-18,22.6768,31.6525,18,22.6768,31.6525,-18,14.8212,2.69925,-18,13.6631,3.01347,-18,21.5186,31.9667,-18,22.6768,31.6525]},"normal":{"type":"float32","components":3,"data":[0,0,-1,0,0,-1,0,0,-1,0,0,-1,0,0,1,0,0,1,0,0,1,0,0,1,0,-1,0,0,-1,0,0,-1,0,0,-1,0,1,0,0,1,0,0,1,0,0,1,0,0,0,1,0,0,1,0,0,1,0,0,1,0,-1,0,0,-1,0,0,-1,0,0,-1,0,0,0,-0.261853,-0.965108,0,-0.261853,-0.965108,0,-0.261853,-0.965108,0,-0.261853,-0.965108,0,0.261854,0.965108,0,0.261854,0.965108,0,0.261854,0.965108,0,0.261854,0.965108,0,-0.965108,0.261853,0,-0.965108,0.261853,0,-0.965108,0.261853,0,-0.965108,0.261853,1,0,0,1,0,0,1,0,0,1,0,0,0,0.965108,-0.261853,0,0.965108,-0.261853,0,0.965108,-0.261853,0,0.965108,-0.261853,-1,0,0,-1,0,0,-1,0,0,-1,0,0]},"texCoord0":{"type":"float32","components":2,"data":[0.451887,0.403834,0.451887,0.772073,0.01,0.772073,0.01,0.403834,0.451887,0.378239,0.01,0.378239,0.01,0.01,0.451887,0.01,0.919369,0.821644,0.477482,0.821644,0.477482,0.78482,0.919369,0.78482,0.845721,0.884064,0.477482,0.884064,0.477482,0.84724,0.845721,0.84724,0.451887,0.834493,0.01,0.834493,0.01,0.797669,0.451887,0.797669,0.378239,0.896912,0.01,0.896912,0.01,0.860088,0.378239,0.860088,0.919369,0.909659,0.919369,0.923875,0.477482,0.923875,0.477482,0.909659,0.451887,0.99,0.01,0.99,0.01,0.975784,0.451887,0.975784,0.919369,0.36539,0.477482,0.36539,0.477482,0.01,0.919369,0.01,0.477482,0.9642,0.477541,0.94947,0.845777,0.950947,0.845718,0.965676,0.919369,0.759225,0.477482,0.759225,0.477482,0.403834,0.919369,0.403834,0.378529,0.935468,0.378011,0.950189,0.01,0.937228,0.0105184,0.922508]}}],"meshes":[{"aabb":{"min":[-18,-15,0],"max":[18,22.6768,31.9667]},"vertices":0,"indices":[0,1,2,2,3,0,4,5,6,6,7,4,8,9,10,10,11,8,12,13,14,14,15,12,16,17,18,18,19,16,20,21,22,22,23,20,24,25,26,26,27,24,28,29,30,30,31,28,32,33,34,34,35,32,36,37,38,38,39,36,40,41,42,42,43,40,44,45,46,46,47,44],"type":"triangles","base":0,"count":72}],"meshInstances":[{"node":1,"mesh":0}]}}