{"model":{"version":2,"nodes":[{"name":"RootNode","position":[0,0,0],"rotation":[0,0,0],"scale":[1,1,1]},{"name":"Circle.001","position":[0,0,0],"rotation":[-90,0,0],"scale":[0.405,0.405,0.405]}],"parents":[-1,0],"skins":[],"vertices":[{"position":{"type":"float32","components":3,"data":[0.92388,-0.382683,0,0.980785,-0.195089,0,0.533269,-0.216637,0,-0.0091803,0.305503,0,-0.556261,-0.218373,0,0.83147,-0.55557,0,0.707107,-0.707106,0,0.555571,-0.831469,0,0.533269,-0.113261,0,1,9.65599e-07,0,-0.980785,-0.19509,0,-0.92388,-0.382683,0,-0.556261,-0.218373,0,-0.92388,-0.382683,0,-0.83147,-0.55557,0,-0.707107,-0.707107,0,-0.55557,-0.83147,0,-0.980785,-0.19509,0,-0.556261,-0.1098,0,-1,7.54979e-08,0,3.25841e-07,-1,0,0.195091,-0.980785,0,0.382684,-0.923879,0,0.382684,-0.923879,0,0.555571,-0.831469,0,0.533269,-0.216637,0,-0.19509,-0.980785,0,-0.382683,-0.92388,0,-0.980785,0.19509,0,-0.0134698,0.395155,0,-0.707107,0.707107,0,-0.92388,0.382683,0,-0.980785,0.19509,0,-0.556261,-0.1098,0,-0.83147,0.55557,0,-0.92388,0.382683,0,0.707106,0.707108,0,0.831469,0.555571,0,0.923879,0.382684,0,0.980785,0.195091,0,0.555569,0.83147,0,0.382682,0.92388,0,0.382682,0.92388,0,0.195089,0.980786,0,-0.0134698,0.395155,0,0.195089,0.980786,0,0,1,0,-0.19509,0.980785,0,-0.382683,0.92388,0,-0.55557,0.83147,0]},"normal":{"type":"float32","components":3,"data":[0,0,1,0,0,1,0,0,1,0,0,1,0,0,1,0,0,1,0,0,1,0,0,1,0,0,1,0,0,1,0,0,1,0,0,1,0,0,1,0,0,1,0,0,1,0,0,1,0,0,1,0,0,1,0,0,1,0,0,1,0,0,1,0,0,1,0,0,1,0,0,1,0,0,1,0,0,1,0,0,1,0,0,1,0,0,1,0,0,1,0,0,1,0,0,1,0,0,1,0,0,1,0,0,1,0,0,1,0,0,1,0,0,1,0,0,1,0,0,1,0,0,1,0,0,1,0,0,1,0,0,1,0,0,1,0,0,1,0,0,1,0,0,1,0,0,1,0,0,1]},"texCoord0":{"type":"float32","components":2,"data":[0.913948,0.315983,0.939367,0.402773,0.739468,0.399117,0.497162,0.640684,0.252788,0.398313,0.87267,0.235997,0.817119,0.165888,0.749429,0.108352,0.739468,0.446943,0.94795,0.493031,0.0631579,0.402772,0.088577,0.315983,0.252788,0.398313,0.088577,0.315983,0.129855,0.235997,0.185407,0.165888,0.253096,0.108352,0.0631579,0.402772,0.252788,0.448545,0.0545749,0.493031,0.501263,0.0303816,0.588407,0.0392714,0.672203,0.0655988,0.672203,0.0655988,0.749429,0.108352,0.739468,0.399117,0.414118,0.0392713,0.330323,0.0655987,0.0631579,0.583289,0.495246,0.682162,0.185407,0.820173,0.088577,0.670079,0.0631579,0.583289,0.252788,0.448545,0.129855,0.750064,0.088577,0.670079,0.817118,0.820173,0.87267,0.750065,0.913948,0.670079,0.939367,0.583289,0.749429,0.877709,0.672202,0.920463,0.672202,0.920463,0.588406,0.94679,0.495246,0.682162,0.588406,0.94679,0.501263,0.95568,0.414118,0.94679,0.330323,0.920462,0.253096,0.877709]}}],"meshes":[{"aabb":{"min":[-1,-1,0],"max":[1,1,0]},"vertices":0,"indices":[0,1,2,3,4,2,5,0,2,6,5,2,7,6,2,8,1,9,1,8,2,10,11,12,13,14,4,14,15,4,15,16,4,17,18,19,18,17,4,2,4,20,20,21,2,21,22,2,23,24,25,26,20,4,27,26,4,16,27,4,28,19,18,18,29,30,31,32,33,34,35,18,30,34,18,8,36,29,37,36,8,38,37,8,39,38,8,9,39,8,36,40,29,40,41,29,42,43,44,45,46,29,46,47,29,47,48,29,48,49,29,30,29,49],"type":"triangles","base":0,"count":114}],"meshInstances":[{"node":1,"mesh":0}]}}