{"model":{"version":2,"nodes":[{"name":"RootNode","position":[0,0,0],"rotation":[0,0,0],"scale":[1,1,1],"scaleCompensation":false},{"name":"Keyboard 70","position":[0.01,0,-0.01],"rotation":[-90,-0,0],"scale":[0.01,0.01,0.01],"scaleCompensation":false}],"parents":[-1,0],"skins":[],"morphs":[],"vertices":[{"position":{"type":"float32","components":3,"data":[-22,-8,0,-22,8,0,22,8,0,22,-8,0,-22,-8,2,22,-8,2,22,8,2,-22,8,2,-22,-8,0,22,-8,0,22,-8,2,-22,-8,2,22,-8,0,22,8,0,22,8,2,22,-8,2,22,8,0,-22,8,0,-22,8,2,22,8,2,-22,8,0,-22,-8,0,-22,-8,2,-22,8,2]},"normal":{"type":"float32","components":3,"data":[0,0,-1,0,0,-1,0,0,-1,0,0,-1,0,0,1,0,0,1,0,0,1,0,0,1,0,-1,0,0,-1,0,0,-1,0,0,-1,0,1,0,0,1,0,0,1,0,0,1,0,0,0,1,0,0,1,0,0,1,0,0,1,0,-1,0,0,-1,0,0,-1,0,0,-1,0,0]},"texCoord0":{"type":"float32","components":2,"data":[0.99,0.393489,0.99,0.749853,0.01,0.749853,0.01,0.393489,0.99,0.366364,0.01,0.366364,0.01,0.01,0.99,0.01,0.99,0.821523,0.01,0.821523,0.01,0.776978,0.99,0.776978,0.749853,0.964865,0.393489,0.964865,0.393489,0.920319,0.749853,0.920319,0.99,0.893194,0.01,0.893194,0.01,0.848648,0.99,0.848648,0.366364,0.964865,0.01,0.964865,0.01,0.920319,0.366364,0.920319]}}],"meshes":[{"aabb":{"min":[-22,-8,0],"max":[22,8,2]},"vertices":0,"indices":[0,1,2,2,3,0,4,5,6,6,7,4,8,9,10,10,11,8,12,13,14,14,15,12,16,17,18,18,19,16,20,21,22,22,23,20],"type":"triangles","base":0,"count":36}],"meshInstances":[{"node":1,"mesh":0}]}}