{"model":{"version":2,"nodes":[{"name":"RootNode","position":[0,0,0],"rotation":[0,0,0],"scale":[1,1,1],"scaleCompensation":false},{"name":"L5 - 33","position":[0,-1.92749,0],"rotation":[-90,90,0],"scale":[0.01,0.01,0.01],"scaleCompensation":false}],"parents":[-1,0],"skins":[],"morphs":[],"vertices":[{"position":{"type":"float32","components":3,"data":[-59,4,1,59,4,1,-59,-4,1,59,-4,1,60,5,12,-60,5,12,-60,-5,12,60,-5,12,60,-5,12,-60,-5,12,-60,-5,0,60,-5,0,60,5,12,60,-5,12,60,-5,0,60,5,0,-60,5,12,60,5,12,60,5,0,-60,5,0,-60,-5,12,-60,5,12,-60,5,0,-60,-5,0,-60,-5,0,-60,5,0,-59,4,0,-59,-4,0,60,5,0,59,4,0,60,-5,0,59,-4,0,-59,4,1,-59,-4,1,-59,-4,0,-59,4,0,59,4,1,-59,4,1,-59,4,0,59,4,0,59,-4,1,59,4,1,59,4,0,59,-4,0,-59,-4,1,59,-4,1,59,-4,0,-59,-4,0,-54.4989,-5.87348e-06,192.749,-54.5391,-0.149998,10.4545,-54.4989,2.38444e-06,10.4545,-54.5391,-0.150006,192.749,-54.6489,-0.259805,10.4545,-54.6489,-0.259813,192.749,-54.6489,-0.259813,192.749,-54.7989,-0.299998,10.4545,-54.6489,-0.259805,10.4545,-54.7989,-0.300006,192.749,-54.9489,-0.259805,10.4545,-54.9489,-0.259813,192.749,-55.0587,-0.150006,192.749,-54.9489,-0.259805,10.4545,-54.9489,-0.259813,192.749,-55.0587,-0.149998,10.4545,-55.0989,-5.84725e-06,192.749,-55.0989,2.41067e-06,10.4545,-55.0587,0.149994,192.749,-55.0587,0.150002,10.4545,-54.9489,0.259802,192.749,-54.9489,0.25981,10.4545,-54.7989,0.299994,192.749,-54.9489,0.25981,10.4545,-54.9489,0.259802,192.749,-54.7989,0.300002,10.4545,-54.6489,0.259802,192.749,-54.6489,0.25981,10.4545,-54.6489,0.259802,192.749,-54.5391,0.150002,10.4545,-54.6489,0.25981,10.4545,-54.5391,0.149994,192.749,-54.7989,0.300002,10.4545,-55.0587,0.150002,10.4545,-54.9489,0.25981,10.4545,-55.0989,2.41067e-06,10.4545,-54.4989,2.38444e-06,10.4545,-54.7989,-0.299998,10.4545,-54.5391,-0.149998,10.4545,-54.6489,-0.259805,10.4545,-55.0587,-0.149998,10.4545,-54.9489,-0.259805,10.4545,-54.5391,0.150002,10.4545,-54.6489,0.25981,10.4545,-54.6489,-0.259813,192.749,-54.5391,-0.150006,192.749,-54.4989,-5.87348e-06,192.749,-55.0989,-5.84725e-06,192.749,-54.7989,-0.300006,192.749,-54.7989,0.299994,192.749,-54.6489,0.259802,192.749,-55.0587,0.149994,192.749,-54.9489,0.259802,192.749,-55.0587,-0.150006,192.749,-54.9489,-0.259813,192.749,-54.5391,0.149994,192.749,55.6468,-5.87348e-06,192.749,55.6066,-0.149998,10.4545,55.6468,2.38444e-06,10.4545,55.6066,-0.150006,192.749,55.4968,-0.259805,10.4545,55.4968,-0.259814,192.749,55.4968,-0.259814,192.749,55.3468,-0.299998,10.4545,55.4968,-0.259805,10.4545,55.3468,-0.300006,192.749,55.1968,-0.259805,10.4545,55.1968,-0.259813,192.749,55.0869,-0.150006,192.749,55.1968,-0.259805,10.4545,55.1968,-0.259813,192.749,55.0869,-0.149998,10.4545,55.0468,-5.84725e-06,192.749,55.0468,2.41067e-06,10.4545,55.0869,0.149994,192.749,55.0869,0.150002,10.4545,55.1968,0.259802,192.749,55.1968,0.25981,10.4545,55.3468,0.299994,192.749,55.1968,0.25981,10.4545,55.1968,0.259802,192.749,55.3468,0.300002,10.4545,55.4968,0.259802,192.749,55.4968,0.25981,10.4545,55.4968,0.259802,192.749,55.6066,0.150002,10.4545,55.4968,0.25981,10.4545,55.6066,0.149994,192.749,55.3468,0.300002,10.4545,55.0869,0.150002,10.4545,55.1968,0.25981,10.4545,55.0468,2.41067e-06,10.4545,55.6468,2.38444e-06,10.4545,55.3468,-0.299998,10.4545,55.6066,-0.149998,10.4545,55.4968,-0.259805,10.4545,55.0869,-0.149998,10.4545,55.1968,-0.259805,10.4545,55.6066,0.150002,10.4545,55.4968,0.25981,10.4545,55.4968,-0.259814,192.749,55.6066,-0.150006,192.749,55.6468,-5.87348e-06,192.749,55.0468,-5.84725e-06,192.749,55.3468,-0.300006,192.749,55.3468,0.299994,192.749,55.4968,0.259802,192.749,55.0869,0.149994,192.749,55.1968,0.259802,192.749,55.0869,-0.150006,192.749,55.1968,-0.259813,192.749,55.6066,0.149994,192.749]},"normal":{"type":"float32","components":3,"data":[0,0,-1,0,0,-1,0,0,-1,0,0,-1,0,0,1,0,0,1,0,0,1,0,0,1,0,-1,0,0,-1,0,0,-1,0,0,-1,0,1,0,0,1,0,0,1,0,0,1,0,0,0,1,0,0,1,0,0,1,0,0,1,0,-1,0,0,-1,0,0,-1,0,0,-1,0,0,0,0,-1,0,0,-1,0,0,-1,0,0,-1,0,0,-1,0,0,-1,0,0,-1,0,0,-1,1,0,0,1,0,0,1,0,0,1,0,0,0,-1,0,0,-1,0,0,-1,0,0,-1,0,-1,0,0,-1,0,0,-1,0,0,-1,0,0,0,1,0,0,1,0,0,1,0,0,1,0,1,1.9642e-08,2.09252e-08,0.866028,-0.499995,-4.4597e-09,1,3.9284e-08,2.09252e-08,0.866028,-0.499995,-4.4597e-09,0.500002,-0.866024,-2.8532e-08,0.500002,-0.866024,-2.8532e-08,0.500002,-0.866024,-2.8532e-08,0,-1,-4.50408e-08,0.500002,-0.866024,-2.8532e-08,-9.82101e-09,-1,-4.50408e-08,-0.500002,-0.866024,-4.96276e-08,-0.500002,-0.866024,-4.96276e-08,-0.866028,-0.499995,-4.08075e-08,-0.500002,-0.866024,-4.96276e-08,-0.500002,-0.866024,-4.96276e-08,-0.866028,-0.499995,-4.08075e-08,-1,9.821e-09,-2.09273e-08,-1,2.9463e-08,-2.09273e-08,-0.866028,0.499995,4.56187e-09,-0.866028,0.499995,4.56188e-09,-0.500002,0.866024,2.87034e-08,-0.500002,0.866024,2.87034e-08,-1.08031e-07,1,4.50419e-08,-0.500002,0.866024,2.87034e-08,-0.500002,0.866024,2.87034e-08,-9.82101e-08,1,4.50419e-08,0.500002,0.866024,4.94573e-08,0.500002,0.866024,4.94573e-08,0.500002,0.866024,4.94573e-08,0.866028,0.499995,4.07032e-08,0.500002,0.866024,4.94573e-08,0.866028,0.499995,4.07031e-08,0,0,-1,0,0,-1,0,0,-1,0,0,-1,0,0,-1,0,0,-1,0,0,-1,0,0,-1,0,0,-1,0,0,-1,0,0,-1,0,0,-1,0,0,1,0,0,1,0,0,1,0,0,1,0,0,1,0,0,1,0,0,1,0,0,1,0,0,1,0,0,1,0,0,1,0,0,1,1,1.9642e-08,2.09252e-08,0.866028,-0.499995,-4.5193e-09,1,3.9284e-08,2.09252e-08,0.866028,-0.499995,-4.5193e-09,0.500002,-0.866024,-2.87555e-08,0.500002,-0.866024,-2.87555e-08,0.500002,-0.866024,-2.87555e-08,-9.82101e-08,-1,-4.52867e-08,0.500002,-0.866024,-2.87555e-08,-1.08031e-07,-1,-4.52867e-08,-0.500002,-0.866024,-4.96797e-08,-0.500002,-0.866024,-4.96797e-08,-0.866028,-0.499995,-4.0766e-08,-0.500002,-0.866024,-4.96797e-08,-0.500002,-0.866024,-4.96797e-08,-0.866028,-0.499995,-4.0766e-08,-1,-9.821e-09,-2.09252e-08,-1,9.821e-09,-2.09252e-08,-0.866028,0.499995,4.5225e-09,-0.866028,0.499995,4.5225e-09,-0.500002,0.866024,2.87555e-08,-0.500002,0.866024,2.87555e-08,-1.9642e-08,1,4.52867e-08,-0.500002,0.866024,2.87555e-08,-0.500002,0.866024,2.87555e-08,-9.82101e-09,1,4.52867e-08,0.500002,0.866024,4.96797e-08,0.500002,0.866024,4.96797e-08,0.500002,0.866024,4.96797e-08,0.866028,0.499995,4.07628e-08,0.500002,0.866024,4.96797e-08,0.866028,0.499995,4.07628e-08,0,0,-1,0,0,-1,0,0,-1,0,0,-1,0,0,-1,0,0,-1,0,0,-1,0,0,-1,0,0,-1,0,0,-1,0,0,-1,0,0,-1,0,0,1,0,0,1,0,0,1,0,0,1,0,0,1,0,0,1,0,0,1,0,0,1,0,0,1,0,0,1,0,0,1,0,0,1]},"texCoord0":{"type":"float32","components":2,