{"model":{"version":2,"nodes":[{"name":"RootNode","position":[0,0,0],"rotation":[0,0,0],"scale":[1,1,1],"scaleCompensation":false},{"name":"Table001","position":[0,0,0],"rotation":[-90,90,0],"scale":[0.01,0.01,0.01],"scaleCompensation":false}],"parents":[-1,0],"skins":[],"morphs":[],"vertices":[{"position":{"type":"float32","components":3,"data":[214.464,52.4999,-4.99999,-122.5,52.5,4,222.5,52.4999,4.00001,-122.5,44.9085,-5,-118.482,44.9085,-5,-118.482,-94.9085,-5,-118.482,-94.9085,-5,-122.5,-94.9085,-5,-122.5,44.9085,-5,222.5,-102.5,4.00001,222.5,44.9084,-4.99999,222.5,52.4999,4.00001,222.5,-102.5,-70,222.5,45.0914,-65,222.5,-94.9086,-65,214.464,-94.9086,1.4353e-05,218.482,-94.9086,1.4353e-05,218.482,-94.9086,-4.99999,-122.5,-102.5,4,222.5,-102.5,4.00001,50,-25,4.00001,222.5,-94.9086,-4.99999,214.464,-94.9086,-65,218.482,-94.9086,-4.99999,222.5,-102.5,4.00001,222.5,-94.9086,-65,222.5,-94.9086,-4.99999,214.464,48.7042,-4.99999,214.464,52.4999,-70,214.464,45.0914,-65,218.482,44.9084,1.4353e-05,218.482,-94.9086,-4.99999,218.482,-94.9086,1.4353e-05,218.482,-94.9086,-4.99999,218.482,44.9084,1.4353e-05,218.482,44.9084,-4.99999,218.482,-94.9086,-4.99999,222.5,44.9084,-4.99999,222.5,-94.9086,-4.99999,214.464,-102.5,-4.99999,222.5,-102.5,-70,222.5,-102.5,4.00001,214.464,48.7042,1.4353e-05,214.464,48.7042,-4.99999,214.464,44.9084,1.4353e-05,214.464,44.9084,1.4353e-05,218.482,44.9084,-4.99999,218.482,44.9084,1.4353e-05,218.482,44.9084,-4.99999,222.5,45.0914,-65,222.5,44.9084,-4.99999,214.464,45.0914,-65,214.464,-94.9086,1.4353e-05,214.464,-102.5,-70,214.464,-98.7043,-4.99999,222.5,-102.5,4.00001,-114.464,-102.5,-5,214.464,-102.5,-4.99999,-122.5,52.5,4,-122.5,-102.5,4,50,-25,4.00001,214.464,-102.5,-70,222.5,52.4999,-70,222.5,-102.5,-70,218.482,-94.9086,-4.99999,214.464,-94.9086,-65,214.464,-94.9086,1.4353e-05,222.5,-102.5,-70,214.464,-102.5,-4.99999,214.464,-102.5,-70,222.5,44.9084,-4.99999,222.5,-102.5,4.00001,222.5,-94.9086,-4.99999,214.464,44.9084,1.4353e-05,214.464,48.7042,-4.99999,214.464,45.0914,-65,214.464,45.0914,-65,222.5,52.4999,-70,214.464,52.4999,-70,214.464,-98.7043,-4.99999,214.464,-102.5,-70,214.464,-102.5,-4.99999,-118.482,44.9085,-5,-114.464,45.0915,-65,-114.464,44.9085,0,222.5,52.4999,-70,214.464,45.0914,-65,222.5,45.0914,-65,-122.5,-102.5,4,-122.5,52.5,4,-122.5,44.9085,-5,-122.5,44.9085,-5,-122.5,-94.9085,-5,-122.5,-102.5,4,218.482,44.9084,-4.99999,214.464,44.9084,1.4353e-05,214.464,45.0914,-65,222.5,44.9084,-4.99999,218.482,-94.9086,-4.99999,218.482,44.9084,-4.99999,-114.464,48.7043,0,-114.464,44.9085,0,-114.464,48.7043,-5,-114.464,44.9085,0,-114.464,45.0915,-65,-114.464,48.7043,-5,-114.464,44.9085,0,-118.482,44.9085,0,-118.482,44.9085,-5,-118.482,44.9085,-5,-122.5,45.0915,-65,-114.464,45.0915,-65,-122.5,44.9085,-5,-118.482,44.9085,0,-118.482,-94.9085,0,-118.482,-94.9085,-5,-118.482,-94.9085,-5,-118.482,44.9085,-5,-118.482,44.9085,0,222.5,44.9084,-4.99999,222.5,52.4999,-70,222.5,52.4999,4.00001,-114.464,-94.9085,0,-118.482,-94.9085,-5,-118.482,-94.9085,0,-114.464,-94.9085,0,-114.464,-98.7043,0,-114.464,-98.7043,-5,214.464,-94.9086,1.4353e-05,214.464,-98.7043,-4.99999,214.464,-98.7043,1.4353e-05,-114.464,-98.7043,-5,214.464,-98.7043,-4.99999,-114.464,-102.5,-5,-122.5,44.9085,-5,-122.5,52.5,4,-122.5,52.5,-70,-114.464,52.5,-70,-122.5,52.5,-70,-122.5,52.5,4,-122.5,52.5,4,-114.464,52.5,-5,-114.464,52.5,-70,-114.464,52.5,-5,-114.464,48.7043,-5,-114.464,52.5,-70,214.464,-94.9086,-65,222.5,-94.9086,-4.99999,222.5,-94.9086,-65,-114.464,48.7043,-5,-114.464,45.0915,-65,-114.464,52.5,-70,-114.464,-98.7043,-5,-114.464,-102.5,-5,-114.464,-102.5,-70,222.5,52.4999,4.00001,214.464,52.4999,-70,214.464,52.4999,-4.99999,-114.464,-102.5,-5,-122.5,-102.5,4,-122.5,-102.5,-70,-122.5,-102.5,-70,-114.464,-102.5,-70,-114.464,-102.5,-5,222.5,-102.5,-70,222.5,-94.9086,-65,222.5,-102.5,4.00001,-122.5,-102.5,4,-122.5,-94.9085,-5,-122.5,-94.9085,-65,-122.5,-102.5,-70,-122.5,-102.5,4,-122.5,-94.9085,-65,-114.464,45.0915,-65,-114.464,52.5,-70,-122.5,52.5,-70,-122.5,52.5,-70,-122.5,45.0915,-65,-114.464,45.0915,-65,-114.464,-94.9085,0,-114.464,-98.7043,-5,-114.464,-102.5,-70,214.464,52.4999,-4.99999,214.464,52.4999,-70,214.464,48.7042,-4.99999,-114.464,-94.9085,0,-114.464,-102.5,-70,-114.464,-94.9085,-65,-122.5,-94.9085,-5,-118.482,-94.9085,-5,-114.464,-94.9085,-65,-114.464,-94.9085,-65,-122.5,-94.9085,-65,-122.5,-94.9085,-5,-118.482,-94.9085,-5,-114.464,-94.9085,0,-114.464,-94.9085,-65,-114.464,-98.7043,0,214.464,-98.7043,1.4353e-05,-114.464,-98.7043,-5,-114.464,-102.5,-5,222.5,-102.5,4.00001,-122.5,-102.5,4,214.464,-98.7043,-4.99999,214.464,-102.5,-4.99999,-114.464,-102.5,-5,-114.464,52.5,-5,-122.5,52.5,4,214.464,52.4999,-4.99999,214.464,48.7042,-4.99999,-114.464,52.5,-5,214.464,52.4999,-4.99999,-114.464,48.7043,-5,-114.464,52.5,-5,214.464,48.7042,-4.99999,214.464,48.7042,-4.99999,214.464,48.7042,1.4353e-05,-114.464,48.7043,-5,214.464,-98.7043,1.4353e-05,214.464,-98.7043,-4.99999,-114.464,-98.7043,-5,-114.464,48.7043,-5,214.464,48.7042,1.4353e-05,-114.464,48.7043,0,-114.464,-102.5,-70,-122.5,-102.5,-70,-122.5,52.5,-70,-122.5,-102.5,-70,-122.5,-94.9085,-65,-122.5,45.0915,-65,-122.5,45.0915,-65,-122.5,52.5,-70,-122.5,-102.5,-70,-122.5,-94.9085,-65,-114.464,-94.9085,-65,-122.5,45.0915,-65,-114.464,45.0915,-65,-122.5,45.0915,-65,-114.464,-94.9085,-65,-114.464,-94.9085,-65,-114.464,-102.5,-70,-114.464,52.5,-70,-114.464,52.5,-70,-114.464,45.0915,-65,-114.464,-94.9085,-65,214.464,52.4999,-70,222.5,52.4999,4.00001,222.5,52.4999,-70,-122.5,52.5,-70,-114.464,52.5,-70,-114.464,-102.5,-70,-122.5,52.5,-70,-122.5,45.0915,-65,-122.5,44.9085,-5,214.464,-94.9086,1.4353e-05,214.464,-94.9086,-65,214.464,-102.5,-70,222.5,45.0914,-65,222.5,-102.5,-70,222.5,52.4999,-70,222.5,-94.9086,-65,222.5,45.0914,-65,214.464,-94.9086,-65,214.464,45.0914,-65,214.464,-94.9086,-65,222.5,45.0914,-65,214.464,-94.9086,-65,214.464,52.4999,-70,214.464,-102.5,-70,214.464,52.4999,-70,214.464,-94.9086,-65,214.464,45.0914,-65,222.5,52.4999,-70,214.464,-102.5,-70,214.464,52.4999,-70,222.5,52.4999,-70,222.5,44.9084,-4.99999,222.5,45.0914,-65,50,-25,4.00001,222.5,52.4999,4.00001,-122.5,52.5,4,222.5,52.4999,4.00001,50,-25,4.00001,222.5,-102.5,4.00001]},"normal":{"type":"float32","components":3,