{"model":{"version":2,"nodes":[{"name":"RootNode","position":[0,0,0],"rotation":[0,0,0],"scale":[1,1,1],"scaleCompensation":false},{"name":"Table000","position":[0,0,0],"rotation":[-90,90,0],"scale":[0.01,0.01,0.01],"scaleCompensation":false}],"parents":[-1,0],"skins":[],"morphs":[],"vertices":[{"position":{"type":"float32","components":3,"data":[74.752,-40,0,80,-40,8,-80,-40,8,-80,-40,8,-74.752,-40,0,74.752,-40,0,-74.752,40,0,-80,40,8,80,40,8,80,40,8,74.752,40,0,-74.752,40,0,-80,-35.464,0,-80,-40,8,-80,40,8,-80,40,8,-80,35.464,0,-80,-35.464,0,-80,35.464,0,-74.752,35.464,0,-74.752,-35.464,0,-74.752,-35.464,0,-80,-35.464,0,-80,35.464,0,74.752,-35.464,0,80.0001,35.464,5.65396e-06,80.0001,-35.464,5.65396e-06,74.7521,35.464,-65.1,80.0001,35.464,5.65396e-06,74.752,35.464,0,80,40,8,80.0001,-35.464,5.65396e-06,80.0001,35.464,5.65396e-06,80.0001,40,-70,74.752,40,0,80,40,8,74.7521,-40,-70,80,-40,8,74.752,-40,0,80,-40,8,74.7521,-40,-70,80.0001,-40,-70,74.752,-40,0,-74.752,-40,0,-74.752,-35.464,0,-74.752,-35.464,0,74.752,-35.464,0,74.752,-40,0,-74.752,40,0,74.752,40,0,74.752,35.464,0,74.752,35.464,0,-74.752,35.464,0,-74.752,40,0,80.0001,35.464,5.65396e-06,74.7521,35.464,-65.1,80.0001,35.464,-65.1,74.7521,40,-70,74.752,35.464,0,74.752,40,0,80.0001,35.464,5.65396e-06,74.752,-35.464,0,74.752,35.464,0,80.0001,-35.464,5.65396e-06,80,40,8,80,-40,8,80.0001,-35.464,5.65396e-06,80.0001,-40,-70,80.0001,-35.464,-65.1,74.7521,-35.464,-65.1,74.752,-40,0,74.752,-35.464,0,80.0001,-35.464,-65.1,74.7521,35.464,-65.1,74.7521,-35.464,-65.1,74.7521,-35.464,-65.1,74.7521,40,-70,74.7521,-40,-70,74.752,35.464,0,74.7521,40,-70,74.7521,35.464,-65.1,74.752,40,0,80.0001,40,-70,74.7521,40,-70,74.752,-40,0,74.7521,-35.464,-65.1,74.7521,-40,-70,80.0001,-35.464,-65.1,74.752,-35.464,0,80.0001,-35.464,5.65396e-06,-74.752,40,0,-74.752,40,-70,-80,40,-70,-80,40,-70,-80,40,8,-74.752,40,0,-74.752,35.464,0,-74.752,35.464,-65.1,-74.752,40,-70,-74.752,40,-70,-74.752,40,0,-74.752,35.464,0,-80,35.464,0,-80,35.464,-65.1,-74.752,35.464,-65.1,-74.752,35.464,-65.1,-74.752,35.464,0,-80,35.464,0,-80,40,8,-80,40,-70,-80,35.464,-65.1,-80,35.464,-65.1,-80,35.464,0,-80,40,8,-80,-35.464,0,-80,-35.464,-65.1,-80,-40,-70,-80,-40,-70,-80,-40,8,-80,-35.464,0,-74.752,-35.464,0,-74.752,-35.464,-65.1,-80,-35.464,-65.1,-80,-35.464,-65.1,-80,-35.464,0,-74.752,-35.464,0,-74.752,-40,0,-74.752,-40,-70,-74.752,-35.464,-65.1,-74.752,-35.464,-65.1,-74.752,-35.464,0,-74.752,-40,0,-80,-40,8,-80,-40,-70,-74.752,-40,-70,-74.752,-40,-70,-74.752,-40,0,-80,-40,8,74.7521,35.464,-65.1,80.0001,-35.464,-65.1,80.0001,35.464,-65.1,74.7521,40,-70,74.7521,-35.464,-65.1,74.7521,35.464,-65.1,-74.752,40,-70,-74.752,35.464,-65.1,-74.752,-35.464,-65.1,-74.752,-35.464,-65.1,-74.752,-40,-70,-74.752,40,-70,-74.752,35.464,-65.1,-80,35.464,-65.1,-80,-35.464,-65.1,-80,-35.464,-65.1,-74.752,-35.464,-65.1,-74.752,35.464,-65.1,-80,35.464,-65.1,-80,40,-70,-80,-40,-70,-80,-40,-70,-80,-35.464,-65.1,-80,35.464,-65.1,-80,40,-70,-74.752,40,-70,-74.752,-40,-70,-74.752,-40,-70,-80,-40,-70,-80,40,-70,49.3326,24.6663,8,-80,40,8,-49.3326,24.6663,8,80,40,8,-80,40,8,49.3326,24.6663,8,80.0001,35.464,-65.1,80,40,8,80.0001,35.464,5.65396e-06,74.752,-35.464,0,80.0001,-35.464,-65.1,74.7521,-35.464,-65.1,80,40,8,80.0001,35.464,-65.1,80.0001,40,-70,80.0001,-40,-70,80.0001,-35.464,5.65396e-06,80,-40,8,80.0001,35.464,-65.1,80.0001,-40,-70,80.0001,40,-70,80.0001,-40,-70,80.0001,35.464,-65.1,80.0001,-35.464,-65.1,80.0001,40,-70,74.7521,-40,-70,74.7521,40,-70,74.7521,-40,-70,80.0001,40,-70,80.0001,-40,-70,49.3326,24.6663,8,49.3326,-24.6663,8,80,40,8,49.3326,-24.6663,8,80,-40,8,80,40,8,49.3326,24.6663,8,0,0,8,49.3326,-24.6663,8,-49.3326,24.6663,8,0,0,8,49.3326,24.6663,8,-49.3326,24.6663,8,-49.3326,-24.6663,8,0,0,8,49.3326,-24.6663,8,0,0,8,-49.3326,-24.6663,8,-49.3326,-24.6663,8,-49.3326,24.6663,8,-80,40,8,-80,40,8,-80,-40,8,-49.3326,-24.6663,8,-49.3326,-24.6663,8,-80,-40,8,49.3326,-24.6663,8,-80,-40,8,80,-40,8,49.3326,-24.6663,8]},"normal":{"type":"float32","components":3,"data":[-2.70882e-07,-1,1.80588e-07,-1.6291e-07,-1,1.21361e-07,0,-1,0,0,-1,0,0,-1,0,-2.70882e-07,-1,1.80588e-07,0,1,0,0,1,0,1.65331e-07,1,-1.10221e-07,1.65331e-07,1,-1.10221e-07,2.35995e-07,1,-1.62607e-07,0,1,0,-1,-1.13531e-08,0,-1,0,0,-1,2.7224e-08,0,-1,2.7224e-08,0,-1,0,0,-1,-1.13531e-08,0,0,0,-1,0,0,-1,0,0,-1,0,0,-1,0,0,-1,0,0,-1,1.07734e-06,-4.47064e-13,-1,1.07734e-06,-2.20578e-14,-1,1.07734e-06,-4.69121e-13,-1,-1.86119e-07,-1,-7.10281e-08,-3.44826e-06,-1,2.49676e-07,-3.63438e-06,-1,2.67973e-07,1,4.30643e-06,5.82029e-06,1,-5.2418e-06,3.37354e-06,1,8.29231e-06,3.98512e-06,2.13098e-08,1,-3.30668e-07,2.35995e-07,1,-1.62607e-07,1.65331e-07,1,-1.10221e-07,-2.13175e-08,-1,2.99666e-07,-1.6291e-07,-1,1.21361e-07,-2.70882e-07,-1,1.80588e-07,-1.6291e-07,-1,1.21361e-07,-2.13175e-08,-1,2.99666e-07,0,-1,2.98208e-07,0,0,-1,0,0,-1,0,0,-1,0,0,-1,0,0,-1,0,0,-1,0,0,-1,0,0,-1,0,0,-1,0,0,-1,0,0,-1,0,0,-1,-3.44826e-06,-1,2.49676e-07,-1.86119e-07,-1,-7.10281e-08,0,-1,-8.93255e-08,-1,-2.59771e-07,-4.31304e-07,-1,-4.25737e-08,-1.20262e-06,-1,0,-1.19891e-06,1.07734e-06,-2.20578e-14,-1,1.07734e-06,-4.47064e-13,-1,1.07734e-06,0,-1,1,-5.2418e-06,3.37354e-06,1,4.30643e-06,5.82029e-06,1,-3.17222e-06,4.70846e-06,1,-5.2418e-06,3.37354e-06,1,-3.11292e-07,2.06114e-07,1,1.42371e-07,1.9589e-07,-1,2.28136e-07,-5.51898e-07,-1,0,-8.17822e-07,-1,0,-8.20365e-07,0,0,1,0,0,1,0,0,1,-1,2.28136e-07,-5.51898e-07,-1,-2.59771e-07,-4.31304e-07,-1,2.45018e-07,-5.47977e-07,-1,-4.25737e-08,-1.20262e-06,-1,-2.59771e-07,-4.31304e-07,-1,-3.52447e-07,-4.5923e-07,2.35995e-07,1,-1.62607e-07,2.13098e-08,1,-3.30668e-07,0,1,-3.32291e-07,-1,0,-8.17822e-07,-1,2.28136e-07,-5.51898e-07,-1,2.45018e-07,-5.47977e-07,2.23343e-07,1,-2.54254e-07,4.13791e-06,1,-1.37232e-08,4.36125e-06,1,0,0,1,0,0,1,0,0,1,0,0,1,0,0,1,0,0,1,0,1,6.81189e-08,0,1,8.40303e-07,0,1,7.18067e-07,0,1,7.18067e-07,0,1,0,0,1,6.81189e-08,0,0,-1,0,0,-1,0,0,-1,0,0,-1,0,0,-1,0,0,-1,0,-1,2.7224e-08,0,-1,3.28081e-07,0,-1,3.4159e-07,0,-1,3.4159e-07,0,-1,0,0,-1,2.7224e-08,0,-1,-1.13531e-08,0,-1,-4.20151e-07,0,-1,-3.59033e-07,0,-1,-3.59033e-07,0,-1,0,0,-1,-1.13531e-08,0,0,1,0,0,1,0,0,1,0,0,1,0,0,1,0,0,1,0,1,-6.81031e-08,0,1,-7.31152e-07,0,1,-7.5878e-07,0,1,-7.5878e-07,0,1,0,0,1,-6.81031e-08,0,0,-1,0,0,-1,0,0,-1,0,0,-1,0,0,-1,0,0,-1,0,0,0,1,0,0,1,0,0,1,-1,-2.59771e-07,-4.31304e-07,-1,2.28136e-07,-5.51898e-07,-1,-3.52447e-07,-4.5923e-07,1,7.18067e-07,0,1,8.40303e-07,0,1,-7.5878e-07,0,1,-7.5878e-07,0,1,-7.31152e-07,0,1,7.18067e-07,0,0,0,1,0,0,1,0,0,1,0,0,1,0,0,1,0,0,1,-1,3.4159e-07,0,-1,3.28081e-07,0,-1,-3.59033e-07,0,-1,-3.59033e-07,0,-1,-4.20151e-07,0,-1,3.4159e-07,0,0,0,-1,0,0,-1,0,0,-1,0,0,-1,0,0,-1,0,0,-1,0,0,1,-1.00485e-08,0,1,-1.7417e-08,0,1,0,0,1,-1.00485e-08,0,1,0,0,1,1,1.2741e-07,3.72369e-07,1,4.30643e-06,5.82029e-06,1,8.29231e-06,3.98512e-06,4.13791e-06,1,-1.37232e-08,2.23343e-07,1,-2.54254e-07,0,1,-2.67977e-07,1,4.30643e-06,5.82029e-06,1,1.2741e-07,3.72369e-07,1,-8.1325e-08,3.26326e-07,1,-3.11292e-07,2.06114e-07,1,-5.2418e-06,3.37354e-06,1,-3.17222e-06,4.70846e-06,1,1.2741e-07,3.72369e-07,1,-3.11292e-07,2.06114e-07,1,-8.1325e-08,3.26326e-07,1,-3.11292e-07,2.06114e-07,1,1.2741e-07,3.72369e-07,1,1.42371e-07,1.9589e-07,0,0,-1,0,0,-1,0,0,-1,0,0,-1,0,0,-1,0,0,-1,0,0,1,0,0,1,0,0,1,0,0,1,0,0,1,0,0,1,0,0,1,0,0,1,0,0,1,0,0,1,0,0,1,0,0,1,0,0,1,0,0,1,0,0,1,0,0,1,0,0,1,0,0,1,4.61144e-09,0,1,-1.7417e-08,0,1,-1.00485e-08,0,1,-1.00485e-08,0,1,1.75347e-08,0,1,4.61144e-09,0,1,4.61144e-09,0,1,1.75347e-08,0,1,0,0,1,1.75347e-08,0,1,0,0,1,0,0,1]},"texCoord0":{"type":"float32","components":2,