{"model":{"version":2,"nodes":[{"name":"RootNode","position":[0,0,0],"rotation":[0,0,0],"scale":[1,1,1],"scaleCompensation":false},{"name":"L5 - 41","position":[0,-1.31729,0],"rotation":[-90,90,0],"scale":[0.01,0.01,0.01],"scaleCompensation":false}],"parents":[-1,0],"skins":[],"morphs":[],"vertices":[{"position":{"type":"float32","components":3,"data":[-59,4,1,59,4,1,-59,-4,1,59,-4,1,60,5,12,-60,5,12,-60,-5,12,60,-5,12,60,-5,12,-60,-5,12,-60,-5,0,60,-5,0,60,5,12,60,-5,12,60,-5,0,60,5,0,-60,5,12,60,5,12,60,5,0,-60,5,0,-60,-5,12,-60,5,12,-60,5,0,-60,-5,0,-60,-5,0,-60,5,0,-59,4,0,-59,-4,0,60,5,0,59,4,0,60,-5,0,59,-4,0,-59,4,1,-59,-4,1,-59,-4,0,-59,4,0,59,4,1,-59,4,1,-59,4,0,59,4,0,59,-4,1,59,4,1,59,4,0,59,-4,0,-59,-4,1,59,-4,1,59,-4,0,-59,-4,0,-54.4989,-5.87348e-06,131.729,-54.5391,-0.149998,10.4545,-54.4989,2.38444e-06,10.4545,-54.5391,-0.150006,131.729,-54.6489,-0.259805,10.4545,-54.6489,-0.259813,131.729,-54.7989,-0.300006,131.729,-54.6489,-0.259805,10.4545,-54.6489,-0.259813,131.729,-54.7989,-0.299998,10.4545,-54.9489,-0.259813,131.729,-54.9489,-0.259805,10.4545,-55.0587,-0.150006,131.729,-54.9489,-0.259805,10.4545,-54.9489,-0.259813,131.729,-55.0587,-0.149998,10.4545,-55.0989,-5.84725e-06,131.729,-55.0989,2.41067e-06,10.4545,-55.0587,0.149994,131.729,-55.0587,0.150002,10.4545,-54.9489,0.259802,131.729,-54.9489,0.25981,10.4545,-54.7989,0.299994,131.729,-54.9489,0.25981,10.4545,-54.9489,0.259802,131.729,-54.7989,0.300002,10.4545,-54.6489,0.259802,131.729,-54.6489,0.25981,10.4545,-54.6489,0.259802,131.729,-54.5391,0.150002,10.4545,-54.6489,0.25981,10.4545,-54.5391,0.149994,131.729,-54.7989,0.300002,10.4545,-55.0587,0.150002,10.4545,-54.9489,0.25981,10.4545,-55.0989,2.41067e-06,10.4545,-54.4989,2.38444e-06,10.4545,-54.7989,-0.299998,10.4545,-54.5391,-0.149998,10.4545,-54.6489,-0.259805,10.4545,-55.0587,-0.149998,10.4545,-54.9489,-0.259805,10.4545,-54.5391,0.150002,10.4545,-54.6489,0.25981,10.4545,-54.6489,-0.259813,131.729,-54.5391,-0.150006,131.729,-54.4989,-5.87348e-06,131.729,-55.0989,-5.84725e-06,131.729,-54.7989,-0.300006,131.729,-54.7989,0.299994,131.729,-54.6489,0.259802,131.729,-55.0587,0.149994,131.729,-54.9489,0.259802,131.729,-55.0587,-0.150006,131.729,-54.9489,-0.259813,131.729,-54.5391,0.149994,131.729,55.6468,-5.87348e-06,131.729,55.6066,-0.149998,10.4545,55.6468,2.38444e-06,10.4545,55.6066,-0.150006,131.729,55.4968,-0.259805,10.4545,55.4968,-0.259814,131.729,55.3468,-0.300006,131.729,55.4968,-0.259805,10.4545,55.4968,-0.259814,131.729,55.3468,-0.299998,10.4545,55.1968,-0.259813,131.729,55.1968,-0.259805,10.4545,55.0869,-0.150006,131.729,55.1968,-0.259805,10.4545,55.1968,-0.259813,131.729,55.0869,-0.149998,10.4545,55.0468,-5.84725e-06,131.729,55.0468,2.41067e-06,10.4545,55.0869,0.149994,131.729,55.0869,0.150002,10.4545,55.1968,0.259802,131.729,55.1968,0.25981,10.4545,55.3468,0.299994,131.729,55.1968,0.25981,10.4545,55.1968,0.259802,131.729,55.3468,0.300002,10.4545,55.4968,0.259802,131.729,55.4968,0.25981,10.4545,55.4968,0.259802,131.729,55.6066,0.150002,10.4545,55.4968,0.25981,10.4545,55.6066,0.149994,131.729,55.3468,0.300002,10.4545,55.0869,0.150002,10.4545,55.1968,0.25981,10.4545,55.0468,2.41067e-06,10.4545,55.6468,2.38444e-06,10.4545,55.3468,-0.299998,10.4545,55.6066,-0.149998,10.4545,55.4968,-0.259805,10.4545,55.0869,-0.149998,10.4545,55.1968,-0.259805,10.4545,55.6066,0.150002,10.4545,55.4968,0.25981,10.4545,55.4968,-0.259814,131.729,55.6066,-0.150006,131.729,55.6468,-5.87348e-06,131.729,55.0468,-5.84725e-06,131.729,55.3468,-0.300006,131.729,55.3468,0.299994,131.729,55.4968,0.259802,131.729,55.0869,0.149994,131.729,55.1968,0.259802,131.729,55.0869,-0.150006,131.729,55.1968,-0.259813,131.729,55.6066,0.149994,131.729]},"normal":{"type":"float32","components":3,"data":[0,0,-1,0,0,-1,0,0,-1,0,0,-1,0,0,1,0,0,1,0,0,1,0,0,1,0,-1,0,0,-1,0,0,-1,0,0,-1,0,1,0,0,1,0,0,1,0,0,1,0,0,0,1,0,0,1,0,0,1,0,0,1,0,-1,0,0,-1,0,0,-1,0,0,-1,0,0,0,0,-1,0,0,-1,0,0,-1,0,0,-1,0,0,-1,0,0,-1,0,0,-1,0,0,-1,1,0,0,1,0,0,1,0,0,1,0,0,0,-1,0,0,-1,0,0,-1,0,0,-1,0,-1,0,0,-1,0,0,-1,0,0,-1,0,0,0,1,0,0,1,0,0,1,0,0,1,0,1,3.9284e-08,2.92689e-15,0.866028,-0.499995,-3.38985e-08,1,5.8926e-08,4.09764e-15,0.866028,-0.499995,-3.38985e-08,0.500002,-0.866024,-5.84468e-08,0.500002,-0.866024,-5.84468e-08,1.9642e-08,-1,-6.75191e-08,0.500002,-0.866024,-5.84468e-08,0.500002,-0.866024,-5.84468e-08,1.9642e-08,-1,-6.75191e-08,-0.500002,-0.866024,-5.88324e-08,-0.500002,-0.866024,-5.88324e-08,-0.866028,-0.499995,-3.41289e-08,-0.500002,-0.866024,-5.88324e-08,-0.500002,-0.866024,-5.88324e-08,-0.866028,-0.499995,-3.41289e-08,-1,2.9463e-08,2.92689e-15,-1,4.9105e-08,4.09764e-15,-0.866028,0.499995,3.41289e-08,-0.866028,0.499995,3.41289e-08,-0.500002,0.866024,5.8834e-08,-0.500002,0.866024,5.8834e-08,-1.27673e-07,1,6.75207e-08,-0.500002,0.866024,5.8834e-08,-0.500002,0.866024,5.8834e-08,-1.27673e-07,1,6.75207e-08,0.500002,0.866024,5.84468e-08,0.500002,0.866024,5.84468e-08,0.500002,0.866024,5.84468e-08,0.866028,0.499995,3.38985e-08,0.500002,0.866024,5.84468e-08,0.866028,0.499995,3.38985e-08,0,0,-1,0,0,-1,0,0,-1,0,0,-1,0,0,-1,0,0,-1,0,0,-1,0,0,-1,0,0,-1,0,0,-1,0,0,-1,0,0,-1,-3.9667e-13,0,1,0,0,1,-3.52597e-13,0,1,-4.40745e-13,0,1,-4.40745e-13,0,1,-4.40745e-13,0,1,-3.9667e-13,0,1,-4.40745e-13,0,1,-4.40745e-13,0,1,-4.40745e-13,0,1,-4.40745e-13,0,1,0,0,1,1,3.9284e-08,2.92689e-15,0.866028,-0.499995,-3.40329e-08,1,5.8926e-08,4.09764e-15,0.866028,-0.499995,-3.40329e-08,0.500002,-0.866024,-5.89524e-08,0.500002,-0.866024,-5.89524e-08,-9.82101e-08,-1,-6.80711e-08,0.500002,-0.866024,-5.89524e-08,0.500002,-0.866024,-5.89524e-08,-9.82101e-08,-1,-6.80711e-08,-0.500002,-0.866024,-5.8946e-08,-0.500002,-0.866024,-5.8946e-08,-0.866028,-0.499995,-3.40393e-08,-0.500002,-0.866024,-5.8946e-08,-0.500002,-0.866024,-5.8946e-08,-0.866028,-0.499995,-3.40393e-08,-1,-9.821e-09,-5.85377e-16,-1,9.821e-09,5.85377e-16,-0.866028,0.499995,3.40393e-08,-0.866028,0.499995,3.40393e-08,-0.500002,0.866024,5.89524e-08,-0.500002,0.866024,5.89524e-08,9.82101e-09,1,6.80727e-08,-0.500002,0.866024,5.89524e-08,-0.500002,0.866024,5.89524e-08,9.82101e-09,1,6.80727e-08,0.500002,0.866024,5.89476e-08,0.500002,0.866024,5.89476e-08,0.500002,0.866024,5.89476e-08,0.866028,0.499995,3.40329e-08,0.500002,0.866024,5.89476e-08,0.866028,0.499995,3.40329e-08,0,0,-1,0,0,-1,0,0,-1,0,0,-1,0,0,-1,0,0,-1,0,0,-1,0,0,-1,0,0,-1,0,0,-1,0,0,-1,0,0,-1,-3.9667e-13,0,1,0,0,1,-3.52597e-13,0,1,-4.40745e-13,0,1,-4.40745e-13,0,1,-4.40745e-13,0,1,-3.9667e-13,0,1,-4.40745e-13,0,1,-4.40745e-13,0,1,-4.40745e-13,0,1,-4.40745e-13,0,1,0,0,1]},"texCoord0":{"type":"float32","components":2,