{"model":{"version":2,"nodes":[{"name":"RootNode","position":[0,0,0],"rotation":[0,0,0],"scale":[1,1,1],"scaleCompensation":false},{"name":"Cylinder001","position":[0,0,0],"rotation":[-90,-0,0],"scale":[0.01,0.01,0.01],"scaleCompensation":false}],"parents":[-1,0],"skins":[],"morphs":[],"vertices":[{"position":{"type":"float32","components":3,"data":[0,0,0,8.69216,3.16369,0,9.25,0,0,7.08591,5.94579,0,4.625,8.01074,0,1.60624,9.10947,0,-1.60625,9.10947,0,-4.625,8.01073,0,-7.08591,5.94579,0,-8.69216,3.16369,0,-9.25,1.39671e-06,0,-8.69216,-3.16368,0,-7.08591,-5.94578,0,-4.625,-8.01073,0,-1.60625,-9.10947,0,1.60624,-9.10947,0,4.625,-8.01074,0,7.08591,-5.94579,0,8.69215,-3.16369,0,9.25,0,0,8.69216,3.16369,1.5,9.25,0,1.5,8.69216,3.16369,0,7.08591,5.94579,1.5,7.08591,5.94579,0,7.08591,5.94579,0,4.625,8.01074,1.5,7.08591,5.94579,1.5,4.625,8.01074,0,1.60624,9.10947,1.5,1.60624,9.10947,0,-1.60625,9.10947,1.5,-1.60625,9.10947,0,-4.625,8.01073,1.5,-4.625,8.01073,0,-7.08591,5.94579,1.5,-7.08591,5.94579,0,-7.08591,5.94579,0,-8.69216,3.16369,1.5,-7.08591,5.94579,1.5,-8.69216,3.16369,0,-9.25,1.39671e-06,1.5,-9.25,1.39671e-06,0,-8.69216,-3.16368,1.5,-8.69216,-3.16368,0,-7.08591,-5.94578,1.5,-7.08591,-5.94578,0,-7.08591,-5.94578,0,-4.625,-8.01073,1.5,-7.08591,-5.94578,1.5,-4.625,-8.01073,0,-1.60625,-9.10947,1.5,-1.60625,-9.10947,0,1.60624,-9.10947,1.5,1.60624,-9.10947,0,4.625,-8.01074,1.5,4.625,-8.01074,0,7.08591,-5.94579,1.5,7.08591,-5.94579,0,7.08591,-5.94579,0,8.69215,-3.16369,1.5,7.08591,-5.94579,1.5,8.69215,-3.16369,0,0,0,1.5,9.25,0,1.5,8.69216,3.16369,1.5,7.08591,5.94579,1.5,4.625,8.01074,1.5,1.60624,9.10947,1.5,-1.60625,9.10947,1.5,-4.625,8.01073,1.5,-7.08591,5.94579,1.5,-8.69216,3.16369,1.5,-9.25,1.39671e-06,1.5,-8.69216,-3.16368,1.5,-7.08591,-5.94578,1.5,-4.625,-8.01073,1.5,-1.60625,-9.10947,1.5,1.60624,-9.10947,1.5,4.625,-8.01074,1.5,7.08591,-5.94579,1.5,8.69215,-3.16369,1.5,-3.83626,1.84109,1.35864,-3.83626,3.81839,1.65909,3.66374,3.81839,1.65909,3.66374,1.84109,1.35864,-3.83626,0.639282,9.26785,3.66374,0.639282,9.26785,3.66374,2.61659,9.5683,-3.83626,2.61659,9.5683,-3.83626,1.84109,1.35864,3.66374,1.84109,1.35864,3.66374,0.639282,9.26785,-3.83626,0.639282,9.26785,3.66374,1.84109,1.35864,3.66374,3.81839,1.65909,3.66374,2.61659,9.5683,3.66374,0.639282,9.26785,3.66374,3.81839,1.65909,-3.83626,3.81839,1.65909,-3.83626,2.61659,9.5683,3.66374,2.61659,9.5683,-3.83626,3.81839,1.65909,-3.83626,1.84109,1.35864,-3.83626,0.639282,9.26785,-3.83626,2.61659,9.5683,-22.8567,-1.78112,5.76948,-22.8567,0.678345,5.32112,22.7433,0.678345,5.32112,22.7433,-1.78112,5.76948,-22.8567,3.15082,32.8236,22.7433,3.15082,32.8236,22.7433,5.61029,32.3752,-22.8567,5.61029,32.3752,-22.8567,-1.78112,5.76948,22.7433,-1.78112,5.76948,22.7433,3.15082,32.8236,-22.8567,3.15082,32.8236,22.7433,-1.78112,5.76948,22.7433,0.678345,5.32112,22.7433,5.61029,32.3752,22.7433,3.15082,32.8236,6.12732,4.49885,11.8489,-6.06903,4.49885,11.8489,-6.06903,6.91999,25.1301,6.12732,6.91999,25.1301,-22.8567,0.678345,5.32112,-22.8567,-1.78112,5.76948,-22.8567,3.15082,32.8236,-22.8567,5.61029,32.3752,22.7433,0.678345,5.32112,-22.8567,0.678345,5.32112,-6.06903,4.49885,11.8489,-6.06903,4.49885,11.8489,6.12732,4.49885,11.8489,-22.8567,0.678345,5.32112,-22.8567,5.61029,32.3752,-6.06903,6.91999,25.1301,-6.06903,6.91999,25.1301,-6.06903,4.49885,11.8489,-22.8567,0.678345,5.32112,-22.8567,5.61029,32.3752,22.7433,5.61029,32.3752,6.12732,6.91999,25.1301,6.12732,6.91999,25.1301,-6.06903,6.91999,25.1301,-22.8567,5.61029,32.3752,22.7433,5.61029,32.3752,22.7433,0.678345,5.32112,6.12732,4.49885,11.8489,6.12732,4.49885,11.8489,6.12732,6.91999,25.1301,22.7433,5.61029,32.3752]},"normal":{"type":"float32","components":3,"data":[0,0,-1,0,0,-1,0,0,-1,0,0,-1,0,0,-1,0,0,-1,0,0,-1,0,0,-1,0,0,-1,0,0,-1,0,0,-1,0,0,-1,0,0,-1,0,0,-1,0,0,-1,0,0,-1,0,0,-1,0,0,-1,0,0,-1,1,-1.54123e-07,0,0.939693,0.34202,0,1,-1.20409e-07,0,0.939693,0.34202,0,0.766044,0.642788,0,0.766044,0.642788,0,0.766044,0.642788,0,0.5,0.866025,0,0.766044,0.642788,0,0.5,0.866025,0,0.173648,0.984808,0,0.173648,0.984808,0,-0.173648,0.984808,0,-0.173648,0.984808,0,-0.5,0.866025,0,-0.5,0.866025,0,-0.766044,0.642788,0,-0.766044,0.642788,0,-0.766044,0.642788,0,-0.939693,0.34202,0,-0.766044,0.642788,0,-0.939693,0.34202,0,-1,0,0,-1,2.16736e-08,0,-0.939693,-0.34202,0,-0.939693,-0.34202,0,-0.766045,-0.642787,0,-0.766045,-0.642787,0,-0.766045,-0.642787,0,-0.5,-0.866025,0,-0.766045,-0.642787,0,-0.5,-0.866025,0,-0.173649,-0.984808,0,-0.173649,-0.984808,0,0.173648,-0.984808,0,0.173648,-0.984808,0,0.5,-0.866026,0,0.5,-0.866026,0,0.766044,-0.642788,0,0.766044,-0.642788,0,0.766044,-0.642788,0,0.939692,-0.342021,0,0.766044,-0.642788,0,0.939692,-0.342021,0,0,0,1,0,0,1,0,0,1,0,0,1,0,0,1,0,0,1,0,0,1,0,0,1,0,0,1,0,0,1,0,0,1,0,0,1,0,0,1,0,0,1,0,0,1,0,0,1,0,0,1,0,0,1,0,0,1,0,0.150226,-0.988652,0,0.150226,-0.988652,0,0.150226,-0.988652,0,0.150226,-0.988652,0,-0.150226,0.988652,0,-0.150226,0.988652,0,-0.150226,0.988652,0,-0.150226,0.988652,0,-0.988652,-0.150226,0,-0.988652,-0.150226,0,-0.988652,-0.150226,0,-0.988652,-0.150226,1,0,0,1,0,0,1,0,0,1,0,0,0,0.988652,0.150226,0,0.988652,0.150226,0,0.988652,0.150226,0,0.988652,0.150226,-1,0,0,-1,0,0,-1,0,0,-1,0,0,0,-0.179343,-0.983787,0,-0.179343,-0.983786,0,-0.179343,-0.983787,0,-0.179343,-0.983786,0,0.179343,0.983787,0,0.179343,0.983787,0,0.179343,0.983787,0,0.179343,0.983787,0,-0.983786,0.179343,0,-0.983786,0.179343,0,-0.983786,0.179343,0,-0.983786,0.179343,1,0,0,1,0,0,1,0,0,1,0,0,0,0.983787,-0.179343,0,0.983787,-0.179343,0,0.983787,-0.179343,0,0.983787,-0.179343,-1,0,0,-1,0,0,-1,0,0,-1,0,0,0,0.863052,-0.505115,0,0.863052,-0.505115,0,0.863052,-0.505115,0,0.863052,-0.505115,0,0.863052,-0.505115,-0.152352,0.972302,-0.17725,-0.152352,0.972302,-0.17725,-0.152352,0.972302,-0.17725,-0.152352,0.972302,-0.17725,-0.152352,0.972302,-0.17725,-0.152352,0.972302,-0.17725,0,0.984051,0.177885,0,0.984051,0.177885,0,0.984051,0.177885,0,0.984051,0.177885,0,0.984051,0.177885,0,0.984051,0.177885,0.153889,0.972068,-0.177207,0.153889,0.972068,-0.177207,0.153889,0.972068,-0.177207,0.153889,0.972068,-0.177207,0.153889,0.972068,-0.177207,0.153889,0.972068,-0.177207]},"texCoord0":{"type":"float32","components":2,